CountryName,Year,Value,hash
Moldova,2012,43.5,9791bc
Moldova,2010,45,9791bc
Belarus,2004,45.09999847,027a12
Belarus,2003,45.20000076,027a12
Belarus,2002,45.40000153,027a12
South Africa,1991,45.5,35fda1
"Egypt, Arab Rep.",2003,45.5,ff11f8
Belarus,2005,45.5,027a12
Belarus,2001,45.59999847,027a12
Moldova,2011,45.59999847,9791bc
Solomon Islands,1999,46,ecae78
Moldova,2009,46.20000076,9791bc
Tonga,2003,46.29999924,e8a123
South Africa,1990,46.79999924,35fda1
Algeria,2000,47,bd6acc
Algeria,1997,47.29999924,bd6acc
Moldova,2008,47.29999924,9791bc
Moldova,2007,47.79999924,9791bc
Dominica,1991,48.59999847,bc1cd4
Albania,1993,48.59999847,79b9d2
Tunisia,2003,48.79999924,edf404
Albania,1992,49.20000076,79b9d2
Puerto Rico,2011,49.29999924,fe23c5
Swaziland,1997,49.70000076,c985df
Moldova,2006,50,9791bc
Albania,1991,50.09999847,79b9d2
Croatia,2013,50.29999924,d7e045
Moldova,2005,50.40000153,9791bc
Albania,1990,50.79999924,79b9d2
Nicaragua,2001,50.79999924,481264
Puerto Rico,2012,50.79999924,fe23c5
"Hong Kong SAR, China",2011,51,85a72d
"Hong Kong SAR, China",2012,51,85a72d
"Hong Kong SAR, China",2010,51.29999924,85a72d
Puerto Rico,2010,51.29999924,fe23c5
"Hong Kong SAR, China",2009,51.59999847,85a72d
Moldova,2004,51.70000076,9791bc
Croatia,2012,52.20000076,d7e045
South Africa,1997,52.5,35fda1
Puerto Rico,2009,52.70000076,fe23c5
South Africa,1996,52.90000153,35fda1
Croatia,2011,53,d7e045
Croatia,2010,53.29999924,d7e045
Malta,1993,53.40000153,1a591a
Croatia,2009,54.29999924,d7e045
Bosnia and Herzegovina,1991,54.40000153,62ac59
Moldova,2003,54.5,9791bc
Puerto Rico,2008,54.90000153,fe23c5
South Africa,1995,55.09999847,35fda1
Bulgaria,2005,55.40000153,5c7772
Bulgaria,2003,55.5,5c7772
Serbia,2010,55.5,6d31bf
Kosovo,2012,55.5,95cb62
Serbia,2011,55.59999847,6d31bf
South Africa,1998,55.70000076,35fda1
Fiji,2005,55.70000076,bbb7ef
Montenegro,2011,55.70000076,479fb3
Serbia,2012,55.70000076,6d31bf
Belarus,2007,55.90000153,027a12
Bosnia and Herzegovina,2011,55.90000153,62ac59
Bulgaria,2002,56,5c7772
Bosnia and Herzegovina,2006,56,62ac59
Malta,1990,56.09999847,1a591a
Bulgaria,2004,56.09999847,5c7772
Bulgaria,2000,56.20000076,5c7772
Croatia,2008,56.20000076,d7e045
Bosnia and Herzegovina,2009,56.20000076,62ac59
Timor-Leste,2010,56.20000076,2d79f6
Croatia,2006,56.40000153,d7e045
Bolivia,2007,56.40000153,a001af
Bosnia and Herzegovina,2012,56.40000153,62ac59
Bulgaria,2001,56.70000076,5c7772
Bulgaria,2006,56.70000076,5c7772
Bosnia and Herzegovina,2010,56.70000076,62ac59
Puerto Rico,2007,56.79999924,fe23c5
Bulgaria,1997,56.90000153,5c7772
Bosnia and Herzegovina,2008,57,62ac59
Serbia,2013,57.09000015,6d31bf
Monaco,2000,57.29999924,35ab1c
Croatia,2007,57.29999924,d7e045
Serbia,2009,57.29999924,6d31bf
Montenegro,2012,57.29999924,479fb3
Montenegro,2005,57.40000153,479fb3
Croatia,2005,57.5,d7e045
Hungary,1997,57.59999847,f14e46
Bulgaria,2010,57.59999847,5c7772
South Africa,1999,57.70000076,35fda1
Bosnia and Herzegovina,2007,57.79999924,62ac59
Belarus,2008,57.79999924,027a12
Puerto Rico,2002,58.09999847,fe23c5
Puerto Rico,2006,58.09999847,fe23c5
Montenegro,2010,58.09999847,479fb3
Bulgaria,2007,58.20000076,5c7772
Bulgaria,2011,58.20000076,5c7772
Puerto Rico,2003,58.29999924,fe23c5
Samoa,2011,58.29999924,f56806
South Africa,1994,58.40000153,35fda1
Hungary,1996,58.40000153,f14e46
Croatia,2000,58.40000153,d7e045
Puerto Rico,1990,58.5,fe23c5
Croatia,2003,58.70000076,d7e045
Bulgaria,2012,58.70000076,5c7772
American Samoa,2000,58.79999924,ca0b36
American Samoa,1990,58.90000153,ca0b36
Puerto Rico,2004,58.90000153,fe23c5
Hungary,1995,59,f14e46
Bulgaria,2009,59,5c7772
Puerto Rico,2000,59.09999847,fe23c5
Croatia,2002,59.29999924,d7e045
Montenegro,2009,59.29999924,479fb3
Hungary,1998,59.5,f14e46
Mongolia,2005,59.5,f54da3
Puerto Rico,2005,59.59999847,fe23c5
Italy,2013,59.59999847,ad79ef
Croatia,2004,59.70000076,d7e045
Mongolia,2004,59.70000076,f54da3
Ukraine,2006,59.70000076,c951ec
Serbia,2007,59.70000076,6d31bf
Belgium,2011,59.70000076,5cb4c9
Belgium,2012,59.70000076,5cb4c9
Belgium,2013,59.70000076,5cb4c9
Bulgaria,2013,59.70000076,5c7772
Bulgaria,2008,59.79999924,5c7772
Italy,2011,59.79999924,ad79ef
South Africa,2011,59.90000153,35fda1
Myanmar,1990,60,928b7c
Botswana,1996,60,180c89
Puerto Rico,1999,60,fe23c5
Moldova,2002,60,9791bc
Montenegro,2007,60,479fb3
Portugal,1996,60.09999847,a49519
Portugal,1997,60.09999847,a49519
Namibia,2001,60.09999847,bfe79d
Israel,2003,60.09999847,4c197d
Serbia,2006,60.09999847,6d31bf
Italy,2010,60.09999847,ad79ef
"Macao SAR, China",1991,60.20000076,eec526
Israel,2002,60.20000076,4c197d
Serbia,2008,60.29999924,6d31bf
Italy,2012,60.29999924,ad79ef
Puerto Rico,1995,60.40000153,fe23c5
Mongolia,2002,60.40000153,f54da3
Luxembourg,2006,60.40000153,507672
Montenegro,2008,60.40000153,479fb3
Belgium,2009,60.40000153,5cb4c9
South Africa,2012,60.40000153,35fda1
Belgium,2001,60.5,5cb4c9
Albania,2003,60.5,79b9d2
Belgium,2003,60.5,5cb4c9
South Africa,2013,60.5,35fda1
"Macao SAR, China",1990,60.59999847,eec526
Belgium,1993,60.59999847,5cb4c9
Belgium,1998,60.59999847,5cb4c9
Israel,2004,60.59999847,4c197d
Italy,2008,60.59999847,ad79ef
Italy,2009,60.59999847,ad79ef
South Africa,2010,60.59999847,35fda1
Bulgaria,1992,60.70000076,5c7772
Belgium,1997,60.70000076,5cb4c9
Hungary,1999,60.70000076,f14e46
Israel,1999,60.70000076,4c197d
Israel,2001,60.70000076,4c197d
Israel,2005,60.70000076,4c197d
Italy,2007,60.70000076,ad79ef
Portugal,1995,60.79999924,a49519
Israel,2000,60.79999924,4c197d
Belgium,2002,60.79999924,5cb4c9
Hungary,2002,60.79999924,f14e46
Belgium,2008,60.79999924,5cb4c9
Belgium,2010,60.79999924,5cb4c9
Belgium,1996,60.90000153,5cb4c9
Namibia,1997,60.90000153,bfe79d
Hungary,2001,60.90000153,f14e46
Belgium,2006,60.90000153,5cb4c9
Libya,2012,60.97999954,55949d
Belgium,1990,61,5cb4c9
Israel,1998,61,4c197d
Italy,2005,61,ad79ef
Italy,2006,61,ad79ef
Puerto Rico,1992,61.09999847,fe23c5
Suriname,1999,61.09999847,b17fc6
Hungary,2000,61.09999847,f14e46
Belgium,2004,61.09999847,5cb4c9
Israel,2006,61.09999847,4c197d
Belgium,2007,61.09999847,5cb4c9
Belgium,1992,61.20000076,5cb4c9
Belgium,1994,61.20000076,5cb4c9
Belgium,1995,61.20000076,5cb4c9
Belgium,1999,61.20000076,5cb4c9
Hungary,2004,61.20000076,f14e46
Italy,2004,61.29999924,ad79ef
Lithuania,2006,61.29999924,74a788
Luxembourg,2007,61.29999924,507672
Jordan,2012,61.29999924,674027
Belgium,1991,61.40000153,5cb4c9
Hungary,2003,61.40000153,f14e46
Belgium,2005,61.40000153,5cb4c9
Belgium,2000,61.5,5cb4c9
Romania,2005,61.5,d6b897
Israel,1997,61.59999847,4c197d
Moldova,2001,61.59999847,9791bc
Namibia,2008,61.59999847,bfe79d
Portugal,1994,61.70000076,a49519
Hungary,2005,61.70000076,f14e46
Israel,2009,61.70000076,4c197d
France,2011,61.70000076,e3772a
France,2013,61.70000076,e3772a
Israel,1992,61.79999924,4c197d
Hungary,1994,61.79999924,f14e46
Puerto Rico,1996,61.79999924,fe23c5
Israel,2007,61.79999924,4c197d
Hungary,2009,61.79999924,f14e46
Albania,2013,61.81999969,79b9d2
Puerto Rico,1991,61.90000153,fe23c5
Portugal,1993,61.90000153,a49519
Poland,2007,61.90000153,5ff03b
France,2012,61.90000153,e3772a
Italy,2001,62,ad79ef
Italy,2002,62,ad79ef
Lithuania,2007,62,74a788
Hungary,2008,62,f14e46
Israel,2008,62,4c197d
Lithuania,2009,62,74a788
Lithuania,2010,62,74a788
Greece,2013,62,4902a4
Israel,1991,62.09999847,4c197d
Puerto Rico,1993,62.09999847,fe23c5
Namibia,1994,62.09999847,bfe79d
Israel,1996,62.09999847,4c197d
Namibia,2000,62.09999847,bfe79d
Oman,2000,62.09999847,c14c36
Croatia,2001,62.09999847,d7e045
Poland,2006,62.09999847,5ff03b
France,2008,62.09999847,e3772a
France,2010,62.09999847,e3772a
Hungary,2010,62.09999847,f14e46
Italy,1997,62.20000076,ad79ef
Italy,1999,62.20000076,ad79ef
Italy,2000,62.20000076,ad79ef
Sao Tome and Principe,2000,62.20000076,6ddcb9
Poland,2003,62.20000076,5ff03b
France,2007,62.20000076,e3772a
Lithuania,2008,62.20000076,74a788
France,2009,62.20000076,e3772a
Israel,2010,62.20000076,4c197d
Greece,2012,62.20000076,4902a4
Israel,1990,62.29999924,4c197d
Italy,1998,62.29999924,ad79ef
Italy,2003,62.29999924,ad79ef
Poland,2004,62.29999924,5ff03b
Israel,2011,62.29999924,4c197d
Italy,1996,62.40000153,ad79ef
Puerto Rico,1997,62.40000153,fe23c5
Puerto Rico,1998,62.40000153,fe23c5
France,2006,62.40000153,e3772a
Hungary,2006,62.40000153,f14e46
South Africa,2009,62.40000153,35fda1
Romania,2011,62.40000153,d6b897
Hungary,2007,62.5,f14e46
Namibia,2012,62.5,bfe79d
France,2005,62.59999847,e3772a
Romania,2006,62.59999847,d6b897
Romania,2007,62.59999847,d6b897
Central Europe and the Baltics,2005,62.69822867,0f4c62
Italy,1995,62.70000076,ad79ef
France,2001,62.70000076,e3772a
Poland,2008,62.70000076,5ff03b
Hungary,2011,62.70000076,f14e46
Central Europe and the Baltics,2006,62.7939559,0f4c62
Israel,1993,62.79999924,4c197d
Israel,1994,62.79999924,4c197d
St. Kitts and Nevis,2001,62.79999924,e01fa2
Poland,2005,62.79999924,5ff03b
Romania,2008,62.79999924,d6b897
Romania,2009,62.79999924,d6b897
Jordan,2011,62.79999924,674027
Israel,1995,62.90000153,4c197d
Greece,1997,62.90000153,4902a4
Jordan,1998,62.90000153,674027
France,2000,62.90000153,e3772a
France,2002,62.90000153,e3772a
Poland,2002,62.90000153,5ff03b
France,2004,62.90000153,e3772a
South Africa,2004,62.90000153,35fda1
Lithuania,2005,62.90000153,74a788
Greece,2011,62.90000153,4902a4
Central Europe and the Baltics,2003,62.9150758,0f4c62
Central Europe and the Baltics,2007,62.91746298,0f4c62
Central Europe and the Baltics,2004,62.92023273,0f4c62
Bolivia,1991,63,a001af
Bolivia,1993,63,a001af
France,1998,63,e3772a
France,2003,63,e3772a
Tajikistan,2003,63,279c77
Romania,2004,63,d6b897
Mongolia,2008,63,f54da3
Slovenia,2012,63,d1aa05
Slovenia,2003,63.09999847,d1aa05
Lithuania,2011,63.09999847,74a788
Slovenia,2013,63.09999847,d1aa05
France,1999,63.20000076,e3772a
Jordan,2003,63.20000076,674027
Romania,2010,63.20000076,d6b897
Lithuania,2012,63.20000076,74a788
Portugal,1992,63.29999924,a49519
France,1997,63.29999924,e3772a
Romania,2003,63.29999924,d6b897
Central Europe and the Baltics,2008,63.30855819,0f4c62
Central Europe and the Baltics,2009,63.34694655,0f4c62
Central Europe and the Baltics,2010,63.36109378,0f4c62
Central Europe and the Baltics,2011,63.37595113,0f4c62
France,1995,63.40000153,e3772a
Poland,2009,63.40000153,5ff03b
Hungary,1993,63.5,f14e46
Italy,1994,63.5,ad79ef
Mongolia,1998,63.5,f54da3
Nigeria,2004,63.5,9742d0
Mongolia,2009,63.5,f54da3
Jordan,2010,63.5,674027
Romania,2012,63.5,d6b897
Central Europe and the Baltics,2002,63.56441759,0f4c62
France,1994,63.70000076,e3772a
France,1996,63.70000076,e3772a
Namibia,2004,63.70000076,bfe79d
Poland,2010,63.70000076,5ff03b
Slovenia,2011,63.70000076,d1aa05
Hungary,2012,63.70000076,f14e46
Slovenia,2000,63.79999924,d1aa05
Poland,2001,63.79999924,5ff03b
Romania,2013,63.79999924,d6b897
Central Europe and the Baltics,2012,63.84619632,0f4c62
Moldova,2000,63.90000153,9791bc
Lithuania,2004,63.90000153,74a788
Bolivia,1994,64,a001af
Poland,2011,64,5ff03b
Central Europe and the Baltics,2013,64.06999392,0f4c62
France,1993,64.09999847,e3772a
Poland,2000,64.09999847,5ff03b
Greece,2001,64.09999847,4902a4
Luxembourg,2008,64.09999847,507672
Lithuania,2013,64.09999847,74a788
Euro area,2013,64.19400743,a356c2
Portugal,1990,64.19999695,a49519
Italy,1991,64.19999695,ad79ef
Greece,1993,64.19999695,4902a4
Greece,1996,64.19999695,4902a4
Jordan,2002,64.19999695,674027
South Africa,2003,64.19999695,35fda1
Greece,2010,64.19999695,4902a4
Comoros,1991,64.30000305,e5bb59
Luxembourg,1999,64.30000305,507672
Greece,2002,64.30000305,4902a4
South Africa,2005,64.30000305,35fda1
South Africa,2007,64.30000305,35fda1
Poland,2012,64.30000305,5ff03b
Europe & Central Asia (developing only),2006,64.34717533,320ff5
Greece,1992,64.40000153,4902a4
Greece,1995,64.40000153,4902a4
Suriname,1995,64.40000153,b17fc6
Slovenia,1996,64.40000153,d1aa05
"Macedonia, FYR",2000,64.40000153,a0b9ed
Ukraine,2000,64.40000153,c951ec
Mongolia,2003,64.40000153,f54da3
South Africa,2008,64.40000153,35fda1
Poland,2013,64.40000153,5ff03b
Hungary,1990,64.5,f14e46
Italy,1990,64.5,ad79ef
Italy,1993,64.5,ad79ef
Greece,1994,64.5,4902a4
Suriname,1994,64.5,b17fc6
Poland,1999,64.5,5ff03b
Latvia,2001,64.5,c5f5bb
Mongolia,2006,64.5,f54da3
Greece,2009,64.5,4902a4
Euro area,2012,64.56726044,a356c2
Euro area,2011,64.59767627,a356c2
France,1992,64.59999847,e3772a
Luxembourg,1998,64.59999847,507672
Sierra Leone,2003,64.59999847,50df2d
Mongolia,2007,64.59999847,f54da3
Hungary,2013,64.59999847,f14e46
Greece,1991,64.69999695,4902a4
Luxembourg,1997,64.69999695,507672
Slovenia,1997,64.69999695,d1aa05
Slovenia,2001,64.69999695,d1aa05
Slovenia,2002,64.69999695,d1aa05
French Polynesia,2007,64.69999695,40f39c
France,1991,64.80000305,e3772a
Italy,1992,64.80000305,ad79ef
Slovenia,1999,64.80000305,d1aa05
Romania,2002,64.80000305,d6b897
Germany,2003,64.80000305,17d53e
Greece,2003,64.80000305,4902a4
Germany,2004,64.80000305,17d53e
Greece,2005,64.80000305,4902a4
Greece,2006,64.80000305,4902a4
South Africa,2006,64.80000305,35fda1
Greece,2007,64.80000305,4902a4
Jordan,2009,64.80000305,674027
Mongolia,2010,64.80000305,f54da3
Euro area,2010,64.83639273,a356c2
Greece,2000,64.90000153,4902a4
Luxembourg,2004,64.90000153,507672
Greece,2008,64.90000153,4902a4
European Union,2013,64.91455147,1e9cb0
Euro area,2004,64.97785829,a356c2
Portugal,1991,65,a49519
Greece,1999,65,4902a4
Latvia,2000,65,c5f5bb
Botswana,2001,65,180c89
Greece,2004,65,4902a4
Latvia,2010,65,c5f5bb
Luxembourg,2011,65,507672
European Union,2011,65.05944647,1e9cb0
Luxembourg,2003,65.09999847,507672
Latvia,2003,65.09999847,c5f5bb
Luxembourg,2005,65.09999847,507672
Samoa,2006,65.09999847,f56806
Portugal,2013,65.09999847,a49519
Central Europe and the Baltics,2001,65.10110207,0f4c62
European Union,2012,65.13576498,1e9cb0
Euro area,2009,65.13772674,a356c2
Euro area,2003,65.17616067,a356c2
Kosovo,2007,65.19999695,95cb62
European Union,2010,65.22742449,1e9cb0
Euro area,2002,65.23338081,a356c2
European Union,2004,65.2335935,1e9cb0
Euro area,2001,65.29670685,a356c2
Slovenia,2010,65.30000305,d1aa05
Algeria,2011,65.30000305,bd6acc
Latvia,2011,65.30000305,c5f5bb
Euro area,2005,65.36634251,a356c2
Central Europe and the Baltics,2000,65.36867503,0f4c62
Euro area,1997,65.37439001,a356c2
Luxembourg,1996,65.40000153,507672
Greece,1998,65.40000153,4902a4
Poland,1998,65.40000153,5ff03b
Lithuania,2002,65.40000153,74a788
Euro area,2006,65.40317282,a356c2
Euro area,2007,65.40541363,a356c2
European Union,2003,65.41386558,1e9cb0
Euro area,2008,65.43696845,a356c2
European Union,2009,65.45546598,1e9cb0
Djibouti,1991,65.5,60a8b0
Jordan,2001,65.5,674027
Germany,2002,65.5,17d53e
West Bank and Gaza,2002,65.5,a0f1b4
Slovenia,2004,65.5,d1aa05
Slovenia,2009,65.5,d1aa05
European Union,2005,65.51803117,1e9cb0
European Union,2002,65.5476604,1e9cb0
Euro area,2000,65.57793354,a356c2
European Union,2007,65.58667092,1e9cb0
European Union,2006,65.5990585,1e9cb0
Lithuania,2001,65.59999847,74a788
"Macedonia, FYR",2001,65.59999847,a0b9ed
Slovenia,2008,65.59999847,d1aa05
Euro area,1996,65.60131953,a356c2
Belarus,1999,65.69999695,027a12
Ukraine,1999,65.69999695,c951ec
Luxembourg,2001,65.69999695,507672
Slovenia,2006,65.69999695,d1aa05
Bhutan,2012,65.69999695,bb2254
Luxembourg,2012,65.69999695,507672
European Union,2008,65.70777039,1e9cb0
Euro area,1999,65.7144974,a356c2
Euro area,1995,65.7891415,a356c2
Greece,1990,65.80000305,4902a4
Kosovo,2008,65.80000305,95cb62
Liberia,2010,65.80000305,1ed5dd
Luxembourg,2010,65.80000305,507672
France,1990,65.90000153,e3772a
Poland,1997,65.90000153,5ff03b
South Africa,2002,65.90000153,35fda1
Euro area,1998,65.92872657,a356c2
European Union,2001,65.93884318,1e9cb0
Spain,1997,66,20a8df
South Africa,2001,66,35fda1
Slovenia,2005,66,d1aa05
Spain,1995,66.09999847,20a8df
Spain,1996,66.09999847,20a8df
Jordan,2000,66.09999847,674027
Luxembourg,2000,66.09999847,507672
Latvia,2005,66.09999847,c5f5bb
"Macedonia, FYR",2007,66.09999847,a0b9ed
Guam,2010,66.09999847,f8aa3a
Latvia,2013,66.09999847,c5f5bb
Hungary,1992,66.19999695,f14e46
Poland,1996,66.19999695,5ff03b
Spain,1998,66.19999695,20a8df
Sri Lanka,2001,66.19999695,197042
Mali,2004,66.19999695,daa6a4
"Macedonia, FYR",2006,66.19999695,a0b9ed
Sudan,2008,66.19999695,1193ba
Germany,2010,66.19999695,17d53e
Denmark,2013,66.19999695,89da12
Albania,2012,66.20999908,79b9d2
European Union,2000,66.25911917,1e9cb0
Switzerland,1990,66.30000305,77dcd8
Slovenia,1998,66.30000305,d1aa05
Germany,2001,66.30000305,17d53e
Latvia,2004,66.30000305,c5f5bb
Sierra Leone,2004,66.30000305,50df2d
Germany,2005,66.30000305,17d53e
Botswana,2006,66.30000305,180c89
Germany,2007,66.30000305,17d53e
Germany,2009,66.30000305,17d53e
Malta,2012,66.30000305,1a591a
Portugal,2012,66.30000305,a49519
Germany,2013,66.30000305,17d53e
Luxembourg,2013,66.30000305,507672
Botswana,2010,66.33000183,180c89
Europe & Central Asia (developing only),2003,66.39416051,320ff5
Luxembourg,1995,66.40000153,507672
Lithuania,2003,66.40000153,74a788
Germany,2006,66.40000153,17d53e
Slovenia,2007,66.40000153,d1aa05
Germany,2008,66.40000153,17d53e
Germany,2012,66.40000153,17d53e
Latvia,2012,66.40000153,c5f5bb
Spain,2013,66.40000153,20a8df
European Union,1997,66.45603915,1e9cb0
"Macedonia, FYR",1997,66.5,a0b9ed
Spain,1999,66.5,20a8df
Lithuania,2000,66.5,74a788
South Africa,2000,66.5,35fda1
Spain,2001,66.5,20a8df
Luxembourg,2002,66.5,507672
Latvia,2002,66.5,c5f5bb
European Union,1996,66.55277838,1e9cb0
Central Europe and the Baltics,1997,66.59782519,0f4c62
Germany,2000,66.59999847,17d53e
Cuba,2006,66.59999847,c484b1
Luxembourg,2009,66.59999847,507672
Malta,2009,66.59999847,1a591a
Germany,2011,66.59999847,17d53e
Mongolia,2011,66.59999847,f54da3
Malta,2013,66.59999847,1a591a
European Union,1999,66.65454216,1e9cb0
Europe & Central Asia (all income levels),2006,66.68208442,248204
Euro area,1994,66.69698921,a356c2
Europe & Central Asia (all income levels),2003,66.74994064,248204
Europe & Central Asia (developing only),2004,66.75466055,320ff5
European Union,1995,66.78362569,1e9cb0
Spain,1994,66.80000305,20a8df
Poland,1995,66.80000305,5ff03b
West Bank and Gaza,1999,66.80000305,a0f1b4
Cuba,2004,66.80000305,c484b1
Ukraine,2004,66.80000305,c951ec
Lao PDR,2005,66.80000305,ed2615
West Bank and Gaza,2010,66.80000305,a0f1b4
Europe & Central Asia (all income levels),2004,66.80859795,248204
West Bank and Gaza,2001,66.90000153,a0f1b4
West Bank and Gaza,2004,66.90000153,a0f1b4
Cuba,2007,66.90000153,c484b1
Lebanon,2007,66.90000153,5caa7f
Malta,2008,66.90000153,1a591a
Kosovo,2009,66.90000153,95cb62
European Union,1998,66.90548195,1e9cb0
Europe & Central Asia (all income levels),2005,66.93149822,248204
Central Europe and the Baltics,1999,66.98134652,0f4c62
Suriname,1992,67,b17fc6
Austria,2004,67,593905
Latvia,2009,67,c5f5bb
West Bank and Gaza,2009,67,a0f1b4
Malta,2010,67,1a591a
Argentina,1992,67.09999847,354bf9
Spain,2000,67.09999847,20a8df
Zambia,2000,67.09999847,dcf25e
Spain,2002,67.09999847,20a8df
"Yemen, Rep.",2010,67.09999847,876440
Malta,2011,67.09999847,1a591a
Portugal,2011,67.09999847,a49519
Spain,2012,67.09999847,20a8df
Europe & Central Asia (all income levels),2002,67.11835564,248204
Euro area,1993,67.14177204,a356c2
Europe & Central Asia (all income levels),2007,67.14222885,248204
Romania,1990,67.19999695,d6b897
Portugal,2010,67.19999695,a49519
Namibia,2011,67.19999695,bfe79d
Trinidad and Tobago,1991,67.30000305,4d206a
Argentina,1993,67.30000305,354bf9
Germany,1999,67.30000305,17d53e
Ukraine,2003,67.30000305,c951ec
Tunisia,2006,67.30000305,edf404
"Macedonia, FYR",2013,67.30000305,a0b9ed
Europe & Central Asia (all income levels),2001,67.32323696,248204
"Macedonia, FYR",1998,67.40000153,a0b9ed
Latvia,1999,67.40000153,c5f5bb
Estonia,2005,67.40000153,f0a96d
Denmark,2012,67.40000153,89da12
"Macedonia, FYR",2012,67.40000153,a0b9ed
Europe & Central Asia (all income levels),2013,67.40604042,248204
Central Europe and the Baltics,1998,67.46205883,0f4c62
Romania,1992,67.5,d6b897
Spain,1993,67.5,20a8df
Samoa,2001,67.5,f56806
Austria,2005,67.5,593905
Guam,2005,67.5,f8aa3a
Azerbaijan,2011,67.5,213598
Europe & Central Asia (all income levels),2008,67.59235567,248204
Botswana,2000,67.59999847,180c89
Ukraine,2002,67.59999847,c951ec
Guam,2007,67.59999847,f8aa3a
Azerbaijan,2008,67.59999847,213598
"Macedonia, FYR",2008,67.59999847,a0b9ed
Czech Republic,2011,67.59999847,1fef42
Spain,2011,67.59999847,20a8df
"Macedonia, FYR",2011,67.59999847,a0b9ed
Austria,2013,67.59999847,593905
Finland,2013,67.59999847,c909b1
Europe & Central Asia (all income levels),2010,67.61133213,248204
European Union,1994,67.63464454,1e9cb0
Europe & Central Asia (developing only),2002,67.65705417,320ff5
Europe & Central Asia (all income levels),2009,67.66083099,248204
Euro area,1992,67.68869478,a356c2
Luxembourg,1990,67.69999695,507672
Slovenia,1991,67.69999695,d1aa05
Ireland,1993,67.69999695,eb2131
Argentina,1994,67.69999695,354bf9
Luxembourg,1994,67.69999695,507672
Latvia,2006,67.69999695,c5f5bb
West Bank and Gaza,2006,67.69999695,a0f1b4
Malta,2007,67.69999695,1a591a
Slovak Republic,2007,67.69999695,36d711
Tunisia,2007,67.69999695,edf404
Portugal,2009,67.69999695,a49519
Czech Republic,2012,67.69999695,1fef42
Europe & Central Asia (all income levels),2011,67.73187452,248204
Albania,2000,67.80000305,79b9d2
Kosovo,2004,67.80000305,95cb62
Azerbaijan,2010,67.80000305,213598
Ireland,2012,67.80000305,eb2131
Europe & Central Asia (all income levels),2012,67.80665839,248204
Europe & Central Asia (all income levels),2000,67.85339259,248204
Albania,2011,67.87999725,79b9d2
Russian Federation,1998,67.90000153,c29b4d
Ukraine,2001,67.90000153,c951ec
Estonia,2002,67.90000153,f0a96d
Sri Lanka,2002,67.90000153,197042
French Polynesia,2002,67.90000153,40f39c
Spain,2003,67.90000153,20a8df
Tunisia,2005,67.90000153,edf404
Ukraine,2005,67.90000153,c951ec
Austria,2010,67.90000153,593905
Ireland,2013,67.90000153,eb2131
Central Europe and the Baltics,1992,67.971981,0f4c62
Euro area,1990,67.97650967,a356c2
Europe & Central Asia (developing only),2009,67.99240617,320ff5
Ireland,1992,68,eb2131
Ireland,1996,68,eb2131
Germany,1997,68,17d53e
Ireland,1997,68,eb2131
Zambia,1998,68,dcf25e
Tunisia,2008,68,edf404
Czech Republic,2010,68,1fef42
Austria,2011,68,593905
Slovak Republic,2011,68,36d711
Europe & Central Asia (all income levels),1997,68.01922658,248204
Mongolia,2013,68.05000305,f54da3
Spain,1992,68.09999847,20a8df
Suriname,1993,68.09999847,b17fc6
Estonia,2004,68.09999847,f0a96d
Austria,2006,68.09999847,593905
Malta,2006,68.09999847,1a591a
Slovak Republic,2006,68.09999847,36d711
Slovak Republic,2009,68.09999847,36d711
Ireland,2011,68.09999847,eb2131
Austria,2012,68.09999847,593905
Czech Republic,2013,68.09999847,1fef42
Slovak Republic,2013,68.09999847,36d711
Senegal,2011,68.12999725,d8973b
Europe & Central Asia (developing only),2010,68.14686715,320ff5
European Union,1993,68.157372,1e9cb0
High income: OECD,2013,68.1576146,312c78
Suriname,1990,68.19999695,b17fc6
Ireland,1994,68.19999695,eb2131
Poland,1994,68.19999695,5ff03b
Ireland,1995,68.19999695,eb2131
Germany,1996,68.19999695,17d53e
Germany,1998,68.19999695,17d53e
Latvia,1998,68.19999695,c5f5bb
Slovak Republic,2000,68.19999695,36d711
Spain,2004,68.19999695,20a8df
Czech Republic,2008,68.19999695,1fef42
Austria,2009,68.19999695,593905
Spain,2010,68.19999695,20a8df
Europe & Central Asia (developing only),2001,68.24254325,320ff5
Seychelles,2011,68.26999664,3d2d7b
Dominican Republic,1994,68.30000305,8a4bf1
Slovak Republic,1997,68.30000305,36d711
Slovak Republic,1999,68.30000305,36d711
Slovak Republic,2002,68.30000305,36d711
Slovak Republic,2003,68.30000305,36d711
Slovak Republic,2004,68.30000305,36d711
Kosovo,2005,68.30000305,95cb62
Malta,2005,68.30000305,1a591a
Slovak Republic,2005,68.30000305,36d711
Czech Republic,2007,68.30000305,1fef42
Slovak Republic,2008,68.30000305,36d711
Czech Republic,2009,68.30000305,1fef42
Euro area,1991,68.30577323,a356c2
Europe & Central Asia (all income levels),1998,68.33565411,248204
Lithuania,1999,68.40000153,74a788
Austria,2001,68.40000153,593905
Czech Republic,2004,68.40000153,1fef42
"Yemen, Rep.",2004,68.40000153,876440
Denmark,2011,68.40000153,89da12
Slovak Republic,2012,68.40000153,36d711
Europe & Central Asia (all income levels),1999,68.40058849,248204
High income: OECD,2012,68.4606957,312c78
"Macedonia, FYR",1991,68.5,a0b9ed
Colombia,1995,68.5,2f7373
Germany,1995,68.5,17d53e
Slovak Republic,1998,68.5,36d711
Austria,2002,68.5,593905
Austria,2003,68.5,593905
Azerbaijan,2007,68.5,213598
Azerbaijan,2009,68.5,213598
"Macedonia, FYR",2009,68.5,a0b9ed
Slovak Republic,2010,68.5,36d711
High income: OECD,2011,68.54434269,312c78
Europe & Central Asia (all income levels),1996,68.59083051,248204
Croatia,1991,68.59999847,d7e045
Namibia,1991,68.59999847,bfe79d
Luxembourg,1992,68.59999847,507672
Luxembourg,1993,68.59999847,507672
Mongolia,2000,68.59999847,f54da3
"Egypt, Arab Rep.",2001,68.59999847,ff11f8
Estonia,2003,68.59999847,f0a96d
Kenya,2005,68.59999847,a84f56
Czech Republic,2006,68.59999847,1fef42
Spain,2009,68.59999847,20a8df
"Macedonia, FYR",2010,68.59999847,a0b9ed
European Union,1992,68.60194433,1e9cb0
Europe & Central Asia (developing only),2011,68.66474096,320ff5
French Polynesia,1996,68.69999695,40f39c
Slovak Republic,1996,68.69999695,36d711
Armenia,1997,68.69999695,5f4599
"Egypt, Arab Rep.",2002,68.69999695,ff11f8
Czech Republic,2003,68.69999695,1fef42
Czech Republic,2005,68.69999695,1fef42
Austria,2008,68.69999695,593905
Algeria,2009,68.69999695,bd6acc
Tunisia,2009,68.69999695,edf404
West Bank and Gaza,2011,68.69999695,a0f1b4
Europe & Central Asia (developing only),2012,68.75503116,320ff5
"Iran, Islamic Rep.",2010,68.79000092,e3f25e
Isle of Man,1996,68.80000305,76733f
"Iran, Islamic Rep.",2008,68.80000305,e3f25e
Belarus,2009,68.80000305,027a12
High income: OECD,2010,68.87267335,312c78
Luxembourg,1991,68.90000153,507672
Slovak Republic,1995,68.90000153,36d711
Austria,2000,68.90000153,593905
Slovak Republic,2001,68.90000153,36d711
Lebanon,2004,68.90000153,5caa7f
Portugal,2008,68.90000153,a49519
Algeria,2010,68.90000153,bd6acc
Ireland,1990,69,eb2131
Ireland,1991,69,eb2131
Haiti,2000,69,a4842f
Uruguay,2003,69,66b989
Spain,2005,69,20a8df
Armenia,2009,69,5f4599
Ireland,2010,69,eb2131
United Kingdom,2011,69,976912
United Kingdom,2013,69,976912
Mongolia,2012,69.05000305,f54da3
European Union,1990,69.05610298,1e9cb0
Slovak Republic,1994,69.09999847,36d711
Iraq,2004,69.09999847,1aed9e
Portugal,2005,69.09999847,a49519
Austria,2007,69.09999847,593905
Latvia,2007,69.09999847,c5f5bb
Portugal,2007,69.09999847,a49519
Denmark,2010,69.09999847,89da12
United Kingdom,2010,69.09999847,976912
United Kingdom,2012,69.09999847,976912
West Bank and Gaza,2012,69.09999847,a0f1b4
High income,2013,69.12508994,10f566
Germany,1994,69.19999695,17d53e
Finland,1997,69.19999695,c909b1
Lesotho,1997,69.19999695,93b12b
Spain,2006,69.19999695,20a8df
Ukraine,2009,69.19999695,c951ec
Finland,2012,69.19999695,c909b1
High income: OECD,2009,69.23850342,312c78
OECD members,2013,69.23937277,019025
Austria,1993,69.30000305,593905
Poland,1993,69.30000305,5ff03b
Russian Federation,1997,69.30000305,c29b4d
Austria,1998,69.30000305,593905
Austria,1999,69.30000305,593905
United Kingdom,2004,69.30000305,976912
Uruguay,2005,69.30000305,66b989
Portugal,2006,69.30000305,a49519
Guam,2011,69.30000305,f8aa3a
Israel,2012,69.30000305,4c197d
West Bank and Gaza,2013,69.30999756,a0f1b4
Europe & Central Asia (all income levels),1995,69.37285002,248204
Austria,1990,69.40000153,593905
Germany,1990,69.40000153,17d53e
Spain,1991,69.40000153,20a8df
Czech Republic,2001,69.40000153,1fef42
Estonia,2001,69.40000153,f0a96d
Czech Republic,2002,69.40000153,1fef42
United Kingdom,2002,69.40000153,976912
"Macao SAR, China",2003,69.40000153,eec526
Portugal,2004,69.40000153,a49519
Spain,2007,69.40000153,20a8df
Finland,2009,69.40000153,c909b1
United Kingdom,2009,69.40000153,976912
Finland,2010,69.40000153,c909b1
Israel,2013,69.40000153,4c197d
European Union,1991,69.49487621,1e9cb0
Kazakhstan,1999,69.5,2f36b6
Finland,2005,69.5,c909b1
Haiti,2005,69.5,a4842f
Spain,2008,69.5,20a8df
Tunisia,2010,69.5,edf404
OECD members,2012,69.5183521,019025
OECD members,2011,69.54038122,019025
High income,2012,69.5479258,10f566
Austria,1991,69.59999847,593905
Isle of Man,1991,69.59999847,76733f
Austria,1992,69.59999847,593905
Austria,1997,69.59999847,593905
Finland,1998,69.59999847,c909b1
Portugal,1999,69.59999847,a49519
United Kingdom,2001,69.59999847,976912
Finland,2004,69.59999847,c909b1
United Kingdom,2005,69.59999847,976912
Tuvalu,2005,69.59999847,9a2248
Kosovo,2006,69.59999847,95cb62
St. Lucia,2006,69.59999847,b17b65
Latvia,2008,69.59999847,c5f5bb
Ukraine,2010,69.59999847,c951ec
High income,2010,69.6345758,10f566
High income,2011,69.63675089,10f566
United Kingdom,2003,69.69999695,976912
"Hong Kong SAR, China",2008,69.69999695,85a72d
Finland,2011,69.69999695,c909b1
United States,2013,69.69999695,768685
"Iran, Islamic Rep.",2009,69.70999908,e3f25e
High income: OECD,2004,69.76367981,312c78
Germany,1993,69.80000305,17d53e
Slovak Republic,1993,69.80000305,36d711
Finland,1994,69.80000305,c909b1
Portugal,1998,69.80000305,a49519
Czech Republic,2000,69.80000305,1fef42
Portugal,2000,69.80000305,a49519
Romania,2001,69.80000305,d6b897
United Kingdom,2007,69.80000305,976912
Turkey,2007,69.80000305,d7153e
High income: OECD,2008,69.80139936,312c78
OECD members,2010,69.83963138,019025
North America,2013,69.8449719,247ce5
High income: OECD,2007,69.84915848,312c78
Europe & Central Asia (all income levels),1994,69.87775862,248204
Guinea,1994,69.90000153,b47b54
Equatorial Guinea,1994,69.90000153,80eaf3
Austria,1996,69.90000153,593905
Finland,1996,69.90000153,c909b1
"Yemen, Rep.",1999,69.90000153,876440
Portugal,2003,69.90000153,a49519
Russian Federation,2003,69.90000153,c29b4d
United Kingdom,2006,69.90000153,976912
Isle of Man,2006,69.90000153,76733f
Turkey,2006,69.90000153,d7153e
United Kingdom,2008,69.90000153,976912
High income: OECD,2005,69.91527452,312c78
High income: OECD,2006,69.95599201,312c78
Spain,1990,70,20a8df
Finland,1995,70,c909b1
Lithuania,1998,70,74a788
Tuvalu,2002,70,9a2248
West Bank and Gaza,2008,70,a0f1b4
High income: OECD,2003,70.00171664,312c78
High income,2003,70.02222069,10f566
OECD members,2009,70.07081887,019025
Poland,1992,70.09999847,5ff03b
Ireland,1998,70.09999847,eb2131
Finland,1999,70.09999847,c909b1
Russian Federation,2001,70.09999847,c29b4d
Finland,2003,70.09999847,c909b1
"Macao SAR, China",2004,70.09999847,eec526
Turkey,2008,70.09999847,d7153e
Tunisia,2011,70.09999847,edf404
High income: nonOECD,2003,70.12131963,1d1847
"Gambia, The",1993,70.19999695,541212
United Kingdom,1999,70.19999695,976912
United Kingdom,2000,70.19999695,976912
Dominica,2001,70.19999695,bc1cd4
Portugal,2001,70.19999695,a49519
Finland,2002,70.19999695,c909b1
Russian Federation,2002,70.19999695,c29b4d
Finland,2006,70.19999695,c909b1
Denmark,2009,70.19999695,89da12
Guam,2009,70.19999695,f8aa3a
Jamaica,2011,70.19999695,5eedd6
Jamaica,2012,70.19999695,5eedd6
United States,2012,70.19999695,768685
Cyprus,2013,70.19999695,852add
High income,2004,70.20538844,10f566
High income,2009,70.21242867,10f566
High income: OECD,2002,70.29339692,312c78
Botswana,1998,70.30000305,180c89
Turkey,2004,70.30000305,d7153e
Finland,2007,70.30000305,c909b1
Namibia,2010,70.30000305,bfe79d
North America,2012,70.31362193,247ce5
Malta,2000,70.40000153,1a591a
Turkey,2003,70.40000153,d7153e
Chile,2005,70.40000153,349507
Guam,2006,70.40000153,f8aa3a
Jamaica,2010,70.40000153,5eedd6
High income,2005,70.47317498,10f566
Zambia,1991,70.5,dcf25e
Germany,1992,70.5,17d53e
Estonia,2000,70.5,f0a96d
Finland,2000,70.5,c909b1
Portugal,2002,70.5,a49519
Malta,2004,70.5,1a591a
Russian Federation,2004,70.5,c29b4d
Ghana,2006,70.5,317dba
Turkey,2009,70.5,d7153e
United States,2011,70.5,768685
Japan,2013,70.5,fcf29f
High income,2006,70.51236683,10f566
High income: OECD,2001,70.54025577,312c78
High income,2007,70.56132115,10f566
High income,2002,70.57763873,10f566
Finland,1993,70.59999847,c909b1
Austria,1994,70.59999847,593905
"Macao SAR, China",1994,70.59999847,eec526
"Macedonia, FYR",1994,70.59999847,a0b9ed
United Kingdom,1998,70.59999847,976912
Czech Republic,1999,70.59999847,1fef42
Guam,2002,70.59999847,f8aa3a
Malta,2003,70.59999847,1a591a
"Congo, Rep.",2005,70.59999847,c0faa9
Turkey,2005,70.59999847,d7153e
"Hong Kong SAR, China",2007,70.59999847,85a72d
North America,2011,70.60305552,247ce5
OECD members,2004,70.62385344,019025
Europe & Central Asia (all income levels),1993,70.62830109,248204
OECD members,2008,70.65709319,019025
OECD members,2007,70.67200488,019025
Denmark,1994,70.69999695,89da12
Finland,2001,70.69999695,c909b1
Malta,2002,70.69999695,1a591a
Chile,2004,70.69999695,349507
Guam,2004,70.69999695,f8aa3a
Cyprus,2011,70.69999695,852add
Netherlands,2011,70.69999695,fb61c8
Ukraine,2011,70.69999695,c951ec
Cyprus,2012,70.69999695,852add
Japan,2012,70.69999695,fcf29f
OECD members,2005,70.71715871,019025
High income,2008,70.75568256,10f566
OECD members,2003,70.77610751,019025
Europe & Central Asia (developing only),1999,70.79397263,320ff5
OECD members,2006,70.79837954,019025
"Egypt, Arab Rep.",1991,70.80000305,ff11f8
"Egypt, Arab Rep.",1992,70.80000305,ff11f8
Austria,1995,70.80000305,593905
Czech Republic,1998,70.80000305,1fef42
"Macao SAR, China",2005,70.80000305,eec526
Armenia,2008,70.80000305,5f4599
Estonia,2010,70.80000305,f0a96d
Turkey,2010,70.80000305,d7153e
High income,2001,70.82588118,10f566
United Kingdom,1997,70.90000153,976912
Estonia,1999,70.90000153,f0a96d
Denmark,2001,70.90000153,89da12
Ireland,2003,70.90000153,eb2131
Estonia,2006,70.90000153,f0a96d
"Hong Kong SAR, China",2006,70.90000153,85a72d
Denmark,2007,70.90000153,89da12
High income: OECD,2000,70.90837415,312c78
United Kingdom,1996,71,976912
Finland,2008,71,c909b1
Chile,2009,71,349507
High income: OECD,1999,71.01494021,312c78
Malta,1994,71.09999847,1a591a
Netherlands,1995,71.09999847,fb61c8
Czech Republic,1997,71.09999847,1fef42
Denmark,1998,71.09999847,89da12
Denmark,2000,71.09999847,89da12
Denmark,2002,71.09999847,89da12
Ireland,2002,71.09999847,eb2131
Denmark,2005,71.09999847,89da12
"Hong Kong SAR, China",2005,71.09999847,85a72d
Russian Federation,2005,71.09999847,c29b4d
Denmark,2006,71.09999847,89da12
Ireland,2009,71.09999847,eb2131
Japan,2011,71.09999847,fcf29f
Netherlands,2012,71.09999847,fb61c8
Turkey,2012,71.09999847,d7153e
Canada,2013,71.09999847,cd6a7b
Netherlands,2013,71.09999847,fb61c8
High income: nonOECD,1998,71.10449573,1d1847
OECD members,2002,71.14387636,019025
Dominican Republic,1991,71.19999695,8a4bf1
Nigeria,1991,71.19999695,9742d0
Gabon,1993,71.19999695,a06dcd
"Macao SAR, China",1993,71.19999695,eec526
United Kingdom,1995,71.19999695,976912
Netherlands,1996,71.19999695,fb61c8
Romania,2000,71.19999695,d6b897
Albania,2002,71.19999695,79b9d2
"Iran, Islamic Rep.",2007,71.19999695,e3f25e
Denmark,2008,71.19999695,89da12
United States,2010,71.19999695,768685
High income,2000,71.20455523,10f566
High income,1998,71.22855381,10f566
High income: OECD,1997,71.2506406,312c78
North America,2010,71.25151664,247ce5
High income: OECD,1998,71.2558114,312c78
Czech Republic,1993,71.30000305,1fef42
Russian Federation,1996,71.30000305,c29b4d
Russian Federation,2006,71.30000305,c29b4d
Canada,2012,71.30000305,cd6a7b
Ukraine,2012,71.30000305,c951ec
High income: OECD,1996,71.34437076,312c78
High income,1997,71.38497913,10f566
San Marino,1990,71.40000153,87fd3b
Czech Republic,1994,71.40000153,1fef42
Czech Republic,1996,71.40000153,1fef42
Aruba,1997,71.40000153,f3a826
Syrian Arab Republic,1997,71.40000153,48a9fd
Ireland,1999,71.40000153,eb2131
Isle of Man,2001,71.40000153,76733f
Denmark,2003,71.40000153,89da12
Jamaica,2003,71.40000153,5eedd6
Chile,2006,71.40000153,349507
Chile,2007,71.40000153,349507
Cyprus,2010,71.40000153,852add
Netherlands,2010,71.40000153,fb61c8
Australia,2013,71.40000153,ceafb5
OECD members,2001,71.44549337,019025
Europe & Central Asia (all income levels),1992,71.45601442,248204
High income,1999,71.4613198,10f566
High income: OECD,1995,71.47320536,312c78
Finland,1992,71.5,c909b1
Czech Republic,1995,71.5,1fef42
"Egypt, Arab Rep.",1998,71.5,ff11f8
Ukraine,1998,71.5,c951ec
Russian Federation,1999,71.5,c29b4d
Russian Federation,2000,71.5,c29b4d
Argentina,2003,71.5,354bf9
Australia,2003,71.5,ceafb5
Chile,2003,71.5,349507
Australia,2004,71.5,ceafb5
Ireland,2004,71.5,eb2131
Bhutan,2005,71.5,bb2254
Netherlands,2006,71.5,fb61c8
Cyprus,2009,71.5,852add
Canada,2011,71.5,cd6a7b
Turkey,2013,71.5,d7153e
Germany,1991,71.59999847,17d53e
San Marino,1991,71.59999847,87fd3b
United Kingdom,1994,71.59999847,976912
Turkey,2002,71.59999847,d7153e
Denmark,2004,71.59999847,89da12
Japan,2010,71.59999847,fcf29f
High income,1996,71.69442428,10f566
Netherlands,1997,71.69999695,fb61c8
Romania,1999,71.69999695,d6b897
Ireland,2000,71.69999695,eb2131
Maldives,2000,71.69999695,213cb2
Ireland,2001,71.69999695,eb2131
Kosovo,2003,71.69999695,95cb62
"Hong Kong SAR, China",2004,71.69999695,85a72d
Netherlands,2005,71.69999695,fb61c8
Estonia,2009,71.69999695,f0a96d
Syrian Arab Republic,2009,71.69999695,48a9fd
Barbados,2010,71.69999695,93409a
Canada,2010,71.69999695,cd6a7b
Turkey,2011,71.69999695,d7153e
Australia,2012,71.69999695,ceafb5
High income: nonOECD,2002,71.74747285,1d1847
Uruguay,1993,71.80000305,66b989
Denmark,1999,71.80000305,89da12
Australia,2002,71.80000305,ceafb5
Chile,2002,71.80000305,349507
Netherlands,2004,71.80000305,fb61c8
Colombia,2006,71.80000305,2f7373
Estonia,2007,71.80000305,f0a96d
Chile,2008,71.80000305,349507
Jamaica,2009,71.80000305,5eedd6
Chile,2013,71.80000305,349507
OECD members,2000,71.85042392,019025
Peru,1991,71.90000153,36c572
United Kingdom,1993,71.90000153,976912
Denmark,1996,71.90000153,89da12
Estonia,1998,71.90000153,f0a96d
Uruguay,2000,71.90000153,66b989
Australia,2001,71.90000153,ceafb5
Kosovo,2002,71.90000153,95cb62
Canada,2009,71.90000153,cd6a7b
Barbados,2012,71.90000153,93409a
High income: OECD,1994,71.94657343,312c78
North America,2009,71.989722,247ce5
Albania,1999,72,79b9d2
Malta,2001,72,1a591a
"Hong Kong SAR, China",2003,72,85a72d
Fiji,2007,72,bbb7ef
Japan,2009,72,fcf29f
United States,2009,72,768685
High income: nonOECD,2001,72.00573485,1d1847
High income,1995,72.01868912,10f566
High income: nonOECD,1997,72.01952053,1d1847
"Macao SAR, China",1992,72.09999847,eec526
Denmark,1995,72.09999847,89da12
Denmark,1997,72.09999847,89da12
Canada,1998,72.09999847,cd6a7b
Romania,1998,72.09999847,d6b897
Australia,2000,72.09999847,ceafb5
Argentina,2002,72.09999847,354bf9
Netherlands,2003,72.09999847,fb61c8
Australia,2005,72.09999847,ceafb5
Albania,2008,72.09999847,79b9d2
Chile,2010,72.09999847,349507
Chile,2012,72.09999847,349507
OECD members,1999,72.10601583,019025
Middle East & North Africa (developing only),2010,72.16984399,aaed09
Middle East & North Africa (all income levels),2010,72.19339557,dc380d
High income: nonOECD,2004,72.19826302,1d1847
Canada,1996,72.19999695,cd6a7b
Canada,1997,72.19999695,cd6a7b
Australia,1999,72.19999695,ceafb5
Netherlands,1999,72.19999695,fb61c8
Uruguay,2001,72.19999695,66b989
Cyprus,2002,72.19999695,852add
Uganda,2005,72.19999695,e92904
Australia,2006,72.19999695,ceafb5
Bhutan,2006,72.19999695,bb2254
Georgia,2006,72.19999695,9113c6
Netherlands,2007,72.19999695,fb61c8
Albania,2010,72.19999695,79b9d2
Syrian Arab Republic,2010,72.19999695,48a9fd
Australia,2011,72.19999695,ceafb5
Bhutan,2011,72.19999695,bb2254
Estonia,2011,72.19999695,f0a96d
Middle East & North Africa (developing only),2009,72.2091394,aaed09
High income,1994,72.22478817,10f566
High income: OECD,1993,72.28079872,312c78
Virgin Islands (U.S.),1990,72.30000305,b7d5f7
Netherlands,1998,72.30000305,fb61c8
Canada,2000,72.30000305,cd6a7b
Canada,2001,72.30000305,cd6a7b
Canada,2006,72.30000305,cd6a7b
Australia,2009,72.30000305,ceafb5
Barbados,2009,72.30000305,93409a
Armenia,2010,72.30000305,5f4599
OECD members,1997,72.37212733,019025
OECD members,1998,72.39086284,019025
Canada,1999,72.40000153,cd6a7b
Russian Federation,2007,72.40000153,c29b4d
Estonia,2008,72.40000153,f0a96d
Australia,2010,72.40000153,ceafb5
High income: nonOECD,2000,72.42445165,1d1847
OECD members,1996,72.42488093,019025
Canada,1995,72.5,cd6a7b
Cyprus,2000,72.5,852add
Chile,2001,72.5,349507
"Hong Kong SAR, China",2002,72.5,85a72d
Jamaica,2002,72.5,5eedd6
"Macao SAR, China",2002,72.5,eec526
Ireland,2005,72.5,eb2131
Australia,2007,72.5,ceafb5
Canada,2007,72.5,cd6a7b
Uruguay,2008,72.5,66b989
Netherlands,2009,72.5,fb61c8
OECD members,1995,72.54779977,019025
Argentina,2001,72.59999847,354bf9
Cyprus,2001,72.59999847,852add
Netherlands,2001,72.59999847,fb61c8
Australia,2008,72.59999847,ceafb5
Dominican Republic,1992,72.69999695,8a4bf1
Uruguay,1992,72.69999695,66b989
Estonia,1996,72.69999695,f0a96d
Australia,1998,72.69999695,ceafb5
Netherlands,2000,72.69999695,fb61c8
Uruguay,2006,72.69999695,66b989
Armenia,2011,72.69999695,5f4599
Barbados,2011,72.69999695,93409a
Chile,2011,72.69999695,349507
High income,1993,72.71376408,10f566
High income: nonOECD,2006,72.74558873,1d1847
High income: OECD,1992,72.74709636,312c78
"Egypt, Arab Rep.",1993,72.80000305,ff11f8
San Marino,1993,72.80000305,87fd3b
"Macao SAR, China",1995,72.80000305,eec526
Russian Federation,1995,72.80000305,c29b4d
Romania,1997,72.80000305,d6b897
Canada,2005,72.80000305,cd6a7b
Canada,2008,72.80000305,cd6a7b
Japan,2008,72.80000305,fcf29f
Netherlands,2008,72.80000305,fb61c8
Bhutan,2009,72.80000305,bb2254
Estonia,2012,72.80000305,f0a96d
Czech Republic,1991,72.90000153,1fef42
Turkey,2001,72.90000153,d7153e
Netherlands,2002,72.90000153,fb61c8
High income: nonOECD,2005,72.93179542,1d1847
North America,2008,72.97950049,247ce5
Slovak Republic,1991,73,36d711
United Kingdom,1992,73,976912
Australia,1997,73,ceafb5
Jamaica,1999,73,5eedd6
"Hong Kong SAR, China",2001,73,85a72d
Jamaica,2001,73,5eedd6
Canada,2002,73,cd6a7b
United States,2008,73,768685
"Korea, Rep.",2010,73,89088f
Estonia,2013,73,f0a96d
High income: OECD,1990,73.04014467,312c78
High income: nonOECD,2010,73.06273412,1d1847
OECD members,1994,73.08602326,019025
Middle East & North Africa (developing only),2008,73.0920358,aaed09
Finland,1991,73.09999847,c909b1
Denmark,1993,73.09999847,89da12
Trinidad and Tobago,1993,73.09999847,4d206a
Botswana,1994,73.09999847,180c89
Canada,1994,73.09999847,cd6a7b
Uruguay,1994,73.09999847,66b989
Ukraine,1995,73.09999847,c951ec
Japan,2007,73.09999847,fcf29f
Cyprus,2008,73.09999847,852add
Ireland,2008,73.09999847,eb2131
Syrian Arab Republic,2008,73.09999847,48a9fd
"Korea, Rep.",2009,73.09999847,89088f
Uruguay,2010,73.09999847,66b989
"Korea, Rep.",2011,73.09999847,89088f
High income: OECD,1991,73.12655952,312c78
North America,2007,73.12839358,247ce5
"Egypt, Arab Rep.",1990,73.19999695,ff11f8
Barbados,1991,73.19999695,93409a
New Zealand,1992,73.19999695,a2238e
New Zealand,1993,73.19999695,a2238e
Sweden,1997,73.19999695,72ddd2
Sweden,1998,73.19999695,72ddd2
Argentina,2000,73.19999695,354bf9
"Hong Kong SAR, China",2000,73.19999695,85a72d
Guam,2001,73.19999695,f8aa3a
Canada,2004,73.19999695,cd6a7b
Japan,2006,73.19999695,fcf29f
St. Lucia,2007,73.19999695,b17b65
United States,2007,73.19999695,768685
"Korea, Rep.",2013,73.19999695,89088f
Middle East & North Africa (all income levels),2009,73.24145123,dc380d
North America,2005,73.24898128,247ce5
North America,2004,73.28981033,247ce5
Uruguay,1991,73.30000305,66b989
Canada,1993,73.30000305,cd6a7b
Sweden,1994,73.30000305,72ddd2
Chile,2000,73.30000305,349507
"Macao SAR, China",2000,73.30000305,eec526
United States,2004,73.30000305,768685
Japan,2005,73.30000305,fcf29f
United States,2005,73.30000305,768685
Georgia,2007,73.30000305,9113c6
Russian Federation,2008,73.30000305,c29b4d
Albania,2009,73.30000305,79b9d2
"Korea, Rep.",2012,73.30000305,89088f
High income: nonOECD,1996,73.33030335,1d1847
High income,1991,73.33389409,10f566
High income: nonOECD,1999,73.33563022,1d1847
High income,1990,73.36086537,10f566
North America,2006,73.37745591,247ce5
"Egypt, Arab Rep.",2013,73.37999725,ff11f8
OECD members,1993,73.39088686,019025
Aruba,1991,73.40000153,f3a826
"Egypt, Arab Rep.",1995,73.40000153,ff11f8
Barbados,1996,73.40000153,93409a
Tunisia,1997,73.40000153,edf404
New Zealand,1999,73.40000153,a2238e
Sweden,1999,73.40000153,72ddd2
Canada,2003,73.40000153,cd6a7b
Cyprus,2003,73.40000153,852add
Cyprus,2004,73.40000153,852add
Japan,2004,73.40000153,fcf29f
Cyprus,2006,73.40000153,852add
Ireland,2006,73.40000153,eb2131
Georgia,2008,73.40000153,9113c6
Russian Federation,2009,73.40000153,c29b4d
High income: nonOECD,2007,73.40541252,1d1847
Middle East & North Africa (developing only),2007,73.40836599,aaed09
North America,2003,73.48982494,247ce5
Caribbean small states,1999,73.49490262,d243de
High income,1992,73.49778943,10f566
OECD members,1990,73.4998295,019025
Australia,1993,73.5,ceafb5
Russian Federation,1994,73.5,c29b4d
Seychelles,1994,73.5,3d2d7b
Haiti,1995,73.5,a4842f
Estonia,1997,73.5,f0a96d
Uruguay,1998,73.5,66b989
Saudi Arabia,1999,73.5,6f49c3
Uruguay,1999,73.5,66b989
Papua New Guinea,2000,73.5,fbaa3c
United States,2003,73.5,768685
Sweden,2004,73.5,72ddd2
Georgia,2005,73.5,9113c6
United States,2006,73.5,768685
Jamaica,2007,73.5,5eedd6
"Korea, Rep.",2008,73.5,89088f
Sweden,2009,73.5,72ddd2
Uruguay,2012,73.5,66b989
High income: nonOECD,1994,73.54923356,1d1847
Middle East & North Africa (all income levels),2007,73.5531288,dc380d
Australia,1994,73.59999847,ceafb5
Australia,1996,73.59999847,ceafb5
New Zealand,1998,73.59999847,a2238e
New Zealand,2000,73.59999847,a2238e
Saudi Arabia,2002,73.59999847,6f49c3
"Macao SAR, China",2006,73.59999847,eec526
Cyprus,2007,73.59999847,852add
Syrian Arab Republic,2007,73.59999847,48a9fd
Morocco,2012,73.59999847,32e087
New Zealand,1994,73.69999695,a2238e
Sweden,1995,73.69999695,72ddd2
Sweden,1996,73.69999695,72ddd2
"Egypt, Arab Rep.",1999,73.69999695,ff11f8
Turkey,2000,73.69999695,d7153e
Jamaica,2004,73.69999695,5eedd6
Ireland,2007,73.69999695,eb2131
"Yemen, Rep.",2009,73.69999695,876440
Bhutan,2010,73.69999695,bb2254
United Kingdom,1991,73.80000305,976912
Sweden,1993,73.80000305,72ddd2
Australia,1995,73.80000305,ceafb5
New Zealand,2001,73.80000305,a2238e
New Zealand,2003,73.80000305,a2238e
St. Lucia,2004,73.80000305,b17b65
"Iran, Islamic Rep.",2005,73.80000305,e3f25e
Russian Federation,2010,73.80000305,c29b4d
Sweden,2010,73.80000305,72ddd2
Argentina,2012,73.80000305,354bf9
OECD members,1992,73.83945434,019025
New Zealand,1991,73.90000153,a2238e
Canada,1992,73.90000153,cd6a7b
Norway,1993,73.90000153,988455
Albania,1998,73.90000153,79b9d2
Jamaica,1998,73.90000153,5eedd6
Armenia,2001,73.90000153,5f4599
Cyprus,2005,73.90000153,852add
Sweden,2007,73.90000153,72ddd2
Uruguay,2007,73.90000153,66b989
Jamaica,2008,73.90000153,5eedd6
Argentina,2009,73.90000153,354bf9
Uruguay,2009,73.90000153,66b989
Argentina,2010,73.90000153,354bf9
Sweden,2011,73.90000153,72ddd2
Sweden,2012,73.90000153,72ddd2
Norway,2013,73.90000153,988455
High income: nonOECD,2009,73.91935755,1d1847
High income: nonOECD,2012,73.9269265,1d1847
Caribbean small states,1994,73.96813031,d243de
Middle East & North Africa (all income levels),2008,73.97094473,dc380d
High income: nonOECD,2011,73.98403162,1d1847
North America,2002,73.98834489,247ce5
"Korea, Rep.",1990,74,89088f
Barbados,1992,74,93409a
San Marino,1992,74,87fd3b
"Egypt, Arab Rep.",1994,74,ff11f8
Jamaica,1994,74,5eedd6
Estonia,1995,74,f0a96d
Uruguay,1995,74,66b989
Barbados,1997,74,93409a
"Hong Kong SAR, China",1999,74,85a72d
Kyrgyz Republic,2002,74,1407c0
Sweden,2003,74,72ddd2
Tajikistan,2004,74,279c77
"Korea, Rep.",2007,74,89088f
Argentina,2008,74,354bf9
Sri Lanka,2011,74,197042
New Zealand,2012,74,a2238e
Australia,1992,74.09999847,ceafb5
Denmark,1992,74.09999847,89da12
"Yemen, Rep.",1994,74.09999847,876440
Maldives,1995,74.09999847,213cb2
New Zealand,1995,74.09999847,a2238e
"Bahamas, The",1998,74.09999847,923c8a
Barbados,1998,74.09999847,93409a
Guatemala,1999,74.09999847,11760e
Sweden,2002,74.09999847,72ddd2
United States,2002,74.09999847,768685
Japan,2003,74.09999847,fcf29f
Georgia,2004,74.09999847,9113c6
"Korea, Rep.",2006,74.09999847,89088f
Syrian Arab Republic,2006,74.09999847,48a9fd
Sweden,2008,74.09999847,72ddd2
Cameroon,2010,74.09999847,73a7dd
Norway,2011,74.09999847,988455
New Zealand,2013,74.09999847,a2238e
North America,2001,74.18707327,247ce5
OECD members,1991,74.19330123,019025
Tonga,1994,74.19999695,e8a123
Trinidad and Tobago,1996,74.19999695,4d206a
Sweden,2001,74.19999695,72ddd2
Saudi Arabia,2009,74.19999695,6f49c3
Sweden,2013,74.19999695,72ddd2
Trinidad and Tobago,1990,74.30000305,4d206a
Denmark,1991,74.30000305,89da12
Barbados,1993,74.30000305,93409a
Norway,1994,74.30000305,988455
New Zealand,1997,74.30000305,a2238e
Chile,1999,74.30000305,349507
"Korea, Rep.",2001,74.30000305,89088f
Trinidad and Tobago,2003,74.30000305,4d206a
Saudi Arabia,2006,74.30000305,6f49c3
Morocco,2011,74.30000305,32e087
United Kingdom,1990,74.40000153,976912
Antigua and Barbuda,1991,74.40000153,530670
Barbados,1994,74.40000153,93409a
Albania,1997,74.40000153,79b9d2
"Korea, Rep.",1999,74.40000153,89088f
"Korea, Rep.",2000,74.40000153,89088f
Sweden,2000,74.40000153,72ddd2
United States,2001,74.40000153,768685
Kyrgyz Republic,2004,74.40000153,1407c0
"Congo, Dem. Rep.",2005,74.40000153,7c927d
Albania,2007,74.40000153,79b9d2
Saudi Arabia,2008,74.40000153,6f49c3
New Zealand,2010,74.40000153,a2238e
Russian Federation,2011,74.40000153,c29b4d
Norway,2012,74.40000153,988455
High income: nonOECD,2008,74.40609665,1d1847
North America,1999,74.46698878,247ce5
Caribbean small states,2001,74.48670179,d243de
New Zealand,1990,74.5,a2238e
Ghana,1992,74.5,317dba
Norway,1992,74.5,988455
Barbados,1995,74.5,93409a
New Zealand,1996,74.5,a2238e
Saudi Arabia,2001,74.5,6f49c3
New Zealand,2004,74.5,a2238e
Saudi Arabia,2007,74.5,6f49c3
Trinidad and Tobago,2007,74.5,4d206a
Trinidad and Tobago,2008,74.5,4d206a
Georgia,2010,74.5,9113c6
Argentina,2011,74.5,354bf9
High income: nonOECD,1995,74.54629834,1d1847
North America,2000,74.54690951,247ce5
Australia,1991,74.59999847,ceafb5
Norway,1991,74.59999847,988455
Sudan,1993,74.59999847,1193ba
Trinidad and Tobago,1994,74.59999847,4d206a
Jamaica,1997,74.59999847,5eedd6
New Zealand,2002,74.59999847,a2238e
Trinidad and Tobago,2002,74.59999847,4d206a
"Korea, Rep.",2005,74.59999847,89088f
Georgia,2009,74.59999847,9113c6
New Zealand,2009,74.59999847,a2238e
New Zealand,2011,74.59999847,a2238e
North America,1998,74.61594202,247ce5
North America,1996,74.62563285,247ce5
Caribbean small states,1998,74.62680385,d243de
Sudan,1996,74.69999695,1193ba
Chile,1997,74.69999695,349507
Chile,1998,74.69999695,349507
Barbados,1999,74.69999695,93409a
United States,1999,74.69999695,768685
Georgia,2000,74.69999695,9113c6
Japan,2002,74.69999695,fcf29f
"Korea, Rep.",2003,74.69999695,89088f
"Yemen, Rep.",2008,74.69999695,876440
Sri Lanka,2009,74.69999695,197042
Morocco,2010,74.69999695,32e087
Uruguay,2011,74.69999695,66b989
Paraguay,2012,74.69999695,71a452
Russian Federation,2012,74.69999695,c29b4d
Russian Federation,2013,74.69999695,c29b4d
Arab World,2009,74.70246223,67160e
North America,1997,74.71556302,247ce5
North America,1995,74.74589422,247ce5
High income: nonOECD,1993,74.74829855,1d1847
Sri Lanka,1995,74.80000305,197042
"Iran, Islamic Rep.",1996,74.80000305,e3f25e
San Marino,1996,74.80000305,87fd3b
Uruguay,1996,74.80000305,66b989
Trinidad and Tobago,1997,74.80000305,4d206a
United States,2000,74.80000305,768685
Albania,2001,74.80000305,79b9d2
Barbados,2002,74.80000305,93409a
Dominican Republic,2002,74.80000305,8a4bf1
Sri Lanka,2004,74.80000305,197042
Cameroon,2005,74.80000305,73a7dd
Caribbean small states,2002,74.87702727,d243de
North America,1994,74.89604469,247ce5
Finland,1990,74.90000153,c909b1
Morocco,1990,74.90000153,32e087
United States,1996,74.90000153,768685
United States,1998,74.90000153,768685
Trinidad and Tobago,2006,74.90000153,4d206a
Argentina,2007,74.90000153,354bf9
Canada,1991,75,cd6a7b
"Korea, Rep.",1991,75,89088f
San Marino,1995,75,87fd3b
United States,1995,75,768685
United States,1997,75,768685
"Korea, Rep.",1998,75,89088f
Trinidad and Tobago,1999,75,4d206a
St. Lucia,2000,75,b17b65
Trinidad and Tobago,2001,75,4d206a
"Korea, Rep.",2002,75,89088f
Peru,2003,75,36c572
"Korea, Rep.",2004,75,89088f
Timor-Leste,2004,75,2d79f6
New Zealand,2005,75,a2238e
Iraq,2008,75,1aed9e
Sri Lanka,2010,75,197042
Norway,2010,75,988455
Sri Lanka,2012,75,197042
Arab World,2008,75.06894177,67160e
Chile,1990,75.09999847,349507
Denmark,1990,75.09999847,89da12
Argentina,1991,75.09999847,354bf9
United States,1994,75.09999847,768685
Dominica,1997,75.09999847,bc1cd4
Morocco,1998,75.09999847,32e087
Barbados,2003,75.09999847,93409a
Switzerland,2005,75.09999847,77dcd8
Sweden,2006,75.09999847,72ddd2
Mauritius,2012,75.09999847,26160d
Switzerland,2013,75.09999847,77dcd8
North America,1993,75.18525611,247ce5
Chile,1991,75.19999695,349507
Senegal,1991,75.19999695,d8973b
Chile,1995,75.19999695,349507
Norway,1995,75.19999695,988455
Nepal,1996,75.19999695,0e1d58
St. Lucia,2003,75.19999695,b17b65
Trinidad and Tobago,2004,75.19999695,4d206a
Sweden,2005,75.19999695,72ddd2
Argentina,2006,75.19999695,354bf9
New Zealand,2008,75.19999695,a2238e
Switzerland,2009,75.19999695,77dcd8
Switzerland,2010,75.19999695,77dcd8
Caribbean small states,1997,75.23664364,d243de
Tonga,1996,75.30000305,e8a123
Trinidad and Tobago,1998,75.30000305,4d206a
Georgia,1999,75.30000305,9113c6
Saudi Arabia,2000,75.30000305,6f49c3
Trinidad and Tobago,2000,75.30000305,4d206a
Argentina,2004,75.30000305,354bf9
Trinidad and Tobago,2005,75.30000305,4d206a
"Egypt, Arab Rep.",2006,75.30000305,ff11f8
"Egypt, Arab Rep.",2007,75.30000305,ff11f8
Morocco,2009,75.30000305,32e087
Mauritius,2011,75.30000305,26160d
Caribbean small states,1995,75.33519887,d243de
Tonga,1990,75.40000153,e8a123
Botswana,1991,75.40000153,180c89
Peru,1992,75.40000153,36c572
Sweden,1992,75.40000153,72ddd2
United States,1993,75.40000153,768685
Morocco,1995,75.40000153,32e087
Chile,1996,75.40000153,349507
Grenada,1998,75.40000153,dbf2a2
Panama,2001,75.40000153,1e36b3
Barbados,2004,75.40000153,93409a
Switzerland,2006,75.40000153,77dcd8
Arab World,2006,75.4162346,67160e
Caribbean small states,1990,75.44267071,d243de
Caribbean small states,1996,75.47281584,d243de
Mexico,1990,75.5,41937b
Chile,1992,75.5,349507
Trinidad and Tobago,1995,75.5,4d206a
Jamaica,1996,75.5,5eedd6
"Hong Kong SAR, China",1998,75.5,85a72d
St. Lucia,2001,75.5,b17b65
Vietnam,2004,75.5,681101
Argentina,2005,75.5,354bf9
Maldives,2006,75.5,213cb2
Colombia,2007,75.5,2f7373
Switzerland,2008,75.5,77dcd8
Switzerland,2011,75.5,77dcd8
Switzerland,2012,75.5,77dcd8
World,2010,75.53329077,70c07e
Australia,1990,75.59999847,ceafb5
Barbados,1990,75.59999847,93409a
Aruba,1994,75.59999847,f3a826
Sri Lanka,1996,75.59999847,197042
Guam,2000,75.59999847,f8aa3a
Kazakhstan,2003,75.59999847,2f36b6
Kazakhstan,2004,75.59999847,2f36b6
Norway,2006,75.59999847,988455
New Zealand,2006,75.59999847,a2238e
New Zealand,2007,75.59999847,a2238e
"Yemen, Rep.",2007,75.59999847,876440
Costa Rica,2008,75.59999847,1bf429
Norway,2009,75.59999847,988455
Singapore,2011,75.59999847,20c0b7
North America,1992,75.60523373,247ce5
Sudan,1990,75.69999695,1193ba
"Korea, Rep.",1992,75.69999695,89088f
"Korea, Rep.",1993,75.69999695,89088f
"Hong Kong SAR, China",1997,75.69999695,85a72d
Sri Lanka,1997,75.69999695,197042
Georgia,1998,75.69999695,9113c6
Barbados,2000,75.69999695,93409a
Sri Lanka,2000,75.69999695,197042
Japan,2001,75.69999695,fcf29f
Singapore,2004,75.69999695,20c0b7
Colombia,2008,75.69999695,2f7373
North America,1991,75.71787401,247ce5
United States,1991,75.80000305,768685
United States,1992,75.80000305,768685
Dominica,1999,75.80000305,bc1cd4
Turkey,1999,75.80000305,d7153e
Georgia,2002,75.80000305,9113c6
Vietnam,2003,75.80000305,681101
Sri Lanka,2005,75.80000305,197042
Switzerland,2007,75.80000305,77dcd8
Russian Federation,1993,75.90000153,c29b4d
Bolivia,1995,75.90000153,a001af
Bolivia,2001,75.90000153,a001af
Barbados,2001,75.90000153,93409a
Georgia,2001,75.90000153,9113c6
Liberia,2007,75.90000153,1ed5dd
Morocco,2008,75.90000153,32e087
Kazakhstan,2009,75.90000153,2f36b6
Costa Rica,2010,75.90000153,1bf429
Tunisia,1994,76,edf404
Cameroon,1996,76,73a7dd
"Hong Kong SAR, China",1996,76,85a72d
Argentina,1997,76,354bf9
San Marino,1997,76,87fd3b
Kazakhstan,2002,76,2f36b6
Switzerland,2004,76,77dcd8
"Macao SAR, China",2007,76,eec526
Norway,2007,76,988455
Mauritius,2009,76,26160d
Costa Rica,2012,76,1bf429
Singapore,2012,76,20c0b7
Canada,1990,76.09999847,cd6a7b
Estonia,1994,76.09999847,f0a96d
"Korea, Rep.",1997,76.09999847,89088f
Argentina,1999,76.09999847,354bf9
Vietnam,2000,76.09999847,681101
Georgia,2003,76.09999847,9113c6
Singapore,2003,76.09999847,20c0b7
Mauritius,2006,76.09999847,26160d
Morocco,2007,76.09999847,32e087
Kazakhstan,2008,76.09999847,2f36b6
Sri Lanka,2008,76.09999847,197042
Singapore,2009,76.09999847,20c0b7
"Bahamas, The",2011,76.09999847,923c8a
Trinidad and Tobago,1992,76.19999695,4d206a
Sri Lanka,1993,76.19999695,197042
Argentina,1995,76.19999695,354bf9
"Korea, Rep.",1996,76.19999695,89088f
Vietnam,2002,76.19999695,681101
St. Lucia,2005,76.19999695,b17b65
Norway,2005,76.19999695,988455
Singapore,2006,76.19999695,20c0b7
Aruba,2007,76.19999695,f3a826
Sri Lanka,2007,76.19999695,197042
"Egypt, Arab Rep.",2009,76.19999695,ff11f8
Mauritius,2010,76.19999695,26160d
"Korea, Rep.",1994,76.30000305,89088f
St. Lucia,1994,76.30000305,b17b65
Argentina,1996,76.30000305,354bf9
Argentina,1998,76.30000305,354bf9
San Marino,1998,76.30000305,87fd3b
El Salvador,2002,76.30000305,259a6e
"Egypt, Arab Rep.",2008,76.30000305,ff11f8
Singapore,2008,76.30000305,20c0b7
Middle East & North Africa (developing only),2005,76.30306124,aaed09
North America,1990,76.36922837,247ce5
United States,1990,76.40000153,768685
Sri Lanka,1992,76.40000153,197042
Estonia,1993,76.40000153,f0a96d
Peru,1994,76.40000153,36c572
"Korea, Rep.",1995,76.40000153,89088f
Japan,2000,76.40000153,fcf29f
Cameroon,2001,76.40000153,73a7dd
Benin,2003,76.40000153,373616
Norway,2004,76.40000153,988455
Morocco,2006,76.40000153,32e087
Norway,1990,76.5,988455
Syrian Arab Republic,1995,76.5,48a9fd
Norway,1996,76.5,988455
Syrian Arab Republic,2003,76.5,48a9fd
Singapore,2007,76.5,20c0b7
Singapore,2010,76.5,20c0b7
Georgia,2011,76.5,9113c6
Saudi Arabia,2011,76.5,6f49c3
Chile,1994,76.59999847,349507
"Hong Kong SAR, China",1995,76.59999847,85a72d
Norway,2003,76.59999847,988455
"Yemen, Rep.",2006,76.59999847,876440
Mauritius,2008,76.59999847,26160d
Peru,1990,76.69999695,36c572
Sri Lanka,1994,76.69999695,197042
Turkey,1997,76.69999695,d7153e
Turkey,1998,76.69999695,d7153e
Ghana,2000,76.69999695,317dba
"Macao SAR, China",2001,76.69999695,eec526
Switzerland,2002,76.69999695,77dcd8
Mauritius,2005,76.69999695,26160d
Sri Lanka,2006,76.69999695,197042
Kazakhstan,2010,76.69999695,2f36b6
South Sudan,2008,76.70999908,6981f4
High income: nonOECD,1992,76.7123552,1d1847
Sao Tome and Principe,1991,76.80000305,6ddcb9
Jamaica,1995,76.80000305,5eedd6
Sri Lanka,1998,76.80000305,197042
Vietnam,2001,76.80000305,681101
Switzerland,2003,76.80000305,77dcd8
Sri Lanka,2003,76.80000305,197042
Costa Rica,2011,76.80000305,1bf429
Upper middle income,2010,76.86132835,78cde9
Jamaica,1990,76.90000153,5eedd6
St. Kitts and Nevis,1991,76.90000153,e01fa2
Japan,1999,76.90000153,fcf29f
Vietnam,1999,76.90000153,681101
Peru,2002,76.90000153,36c572
Morocco,2005,76.90000153,32e087
Costa Rica,2009,76.90000153,1bf429
Ecuador,2012,76.90000153,09f199
Panama,1990,77,1e36b3
Sweden,1991,77,72ddd2
Chile,1993,77,349507
St. Lucia,1998,77,b17b65
St. Lucia,1999,77,b17b65
Oman,2003,77,c14c36
Panama,1991,77.09999847,1e36b3
Norway,2008,77.09999847,988455
Kazakhstan,2011,77.09999847,2f36b6
Maldives,1990,77.19999695,213cb2
Singapore,2002,77.19999695,20c0b7
Mauritius,2007,77.19999695,26160d
Dominican Republic,2009,77.19999695,8a4bf1
Kazakhstan,2012,77.19999695,2f36b6
Saudi Arabia,2012,77.19999695,6f49c3
Uganda,1991,77.30000305,e92904
Samoa,1991,77.30000305,f56806
Cyprus,1992,77.30000305,852add
Turkey,1996,77.30000305,d7153e
Iraq,1997,77.30000305,1aed9e
Japan,1998,77.30000305,fcf29f
Morocco,2002,77.30000305,32e087
Kyrgyz Republic,2006,77.30000305,1407c0
Haiti,1990,77.40000153,a4842f
Japan,1990,77.40000153,fcf29f
"Egypt, Arab Rep.",1996,77.40000153,ff11f8
"Macao SAR, China",1998,77.40000153,eec526
Singapore,1998,77.40000153,20c0b7
Panama,2000,77.40000153,1e36b3
Switzerland,2001,77.40000153,77dcd8
Norway,2002,77.40000153,988455
Morocco,2003,77.40000153,32e087
Mauritius,2004,77.40000153,26160d
"Yemen, Rep.",2005,77.40000153,876440
Timor-Leste,2007,77.40000153,2d79f6
"Macao SAR, China",2008,77.40000153,eec526
Sweden,1990,77.5,72ddd2
Algeria,1996,77.5,bd6acc
Vietnam,1998,77.5,681101
Sri Lanka,1999,77.5,197042
Morocco,2004,77.5,32e087
El Salvador,2004,77.5,259a6e
Nicaragua,2007,77.5,481264
Japan,1991,77.59999847,fcf29f
"Hong Kong SAR, China",1994,77.59999847,85a72d
Japan,1995,77.59999847,fcf29f
Peru,1995,77.59999847,36c572
East Asia & Pacific (all income levels),2010,77.68957992,9ea72e
El Salvador,1991,77.69999695,259a6e
Japan,1996,77.69999695,fcf29f
St. Lucia,1996,77.69999695,b17b65
Japan,1997,77.69999695,fcf29f
Norway,1997,77.69999695,988455
Norway,2001,77.69999695,988455
Singapore,2001,77.69999695,20c0b7
Colombia,2005,77.69999695,2f7373
Middle income,2010,77.70751726,bf919c
Japan,1994,77.80000305,fcf29f
Turkey,1995,77.80000305,d7153e
Singapore,1999,77.80000305,20c0b7
Switzerland,2000,77.80000305,77dcd8
El Salvador,2005,77.80000305,259a6e
Dominican Republic,2013,77.87999725,8a4bf1
Sri Lanka,1990,77.90000153,197042
San Marino,1999,77.90000153,87fd3b
Morocco,2001,77.90000153,32e087
Colombia,2009,77.90000153,2f7373
Uganda,2009,77.90000153,e92904
Ecuador,2010,77.90000153,09f199
Brazil,2012,77.90000153,37497a
"Venezuela, RB",2012,77.90000153,6cba5d
"Hong Kong SAR, China",1992,78,85a72d
Japan,1992,78,fcf29f
Japan,1993,78,fcf29f
Turkey,1993,78,d7153e
Cyprus,1995,78,852add
Peru,1997,78,36c572
Norway,1999,78,988455
Norway,2000,78,988455
"Macao SAR, China",2010,78,eec526
Dominican Republic,2011,78,8a4bf1
Latin America & Caribbean (all income levels),2012,78.03773919,56367d
"Hong Kong SAR, China",1993,78.09999847,85a72d
Switzerland,1999,78.09999847,77dcd8
El Salvador,2006,78.09999847,259a6e
"Macao SAR, China",2011,78.09999847,eec526
South Asia,2001,78.17424022,edef51
Russian Federation,1992,78.19999695,c29b4d
Singapore,1997,78.19999695,20c0b7
Vietnam,1997,78.19999695,681101
Timor-Leste,2001,78.19999695,2d79f6
Nicaragua,2006,78.19999695,481264
"Macao SAR, China",2009,78.19999695,eec526
China,2010,78.19999695,d2eaf2
Georgia,2012,78.19999695,9113c6
Dominican Republic,2012,78.23999786,8a4bf1
Ecuador,1990,78.30000305,09f199
Mauritius,2000,78.30000305,26160d
Colombia,2004,78.30000305,2f7373
Iraq,2006,78.30000305,1aed9e
Philippines,2007,78.30000305,806736
Brazil,2011,78.30000305,37497a
Ecuador,2011,78.30000305,09f199
Saudi Arabia,2013,78.30000305,6f49c3
St. Lucia,1997,78.40000153,b17b65
Norway,1998,78.40000153,988455
Brazil,2000,78.40000153,37497a
Antigua and Barbuda,2001,78.40000153,530670
India,2001,78.40000153,967ce3
"Bahamas, The",2009,78.40000153,923c8a
Mexico,2011,78.40000153,41937b
World,2000,78.45139187,70c07e
Latin America & Caribbean (all income levels),2011,78.45556482,56367d
Lower middle income,2001,78.47207988,5db509
Turkey,1994,78.5,d7153e
"Bahamas, The",1995,78.5,923c8a
St. Lucia,1995,78.5,b17b65
Switzerland,1997,78.5,77dcd8
"Macao SAR, China",1997,78.5,eec526
Switzerland,1998,78.5,77dcd8
Guyana,2002,78.5,bc88a2
Nicaragua,2003,78.5,481264
Colombia,2010,78.5,2f7373
East Asia & Pacific (developing only),2010,78.55611416,79a621
Latin America & Caribbean (all income levels),2007,78.56597961,56367d
Belize,1998,78.59999847,42ab0c
Zimbabwe,1999,78.59999847,5922f5
Morocco,2000,78.59999847,32e087
El Salvador,2000,78.59999847,259a6e
Mexico,2009,78.59999847,41937b
"Egypt, Arab Rep.",2010,78.59999847,ff11f8
"Venezuela, RB",2011,78.59999847,6cba5d
"Macao SAR, China",2012,78.59999847,eec526
Mexico,2013,78.59999847,41937b
Argentina,1990,78.69999695,354bf9
Belize,1994,78.69999695,42ab0c
Singapore,1996,78.69999695,20c0b7
Panama,2007,78.69999695,1e36b3
Malaysia,2010,78.69999695,ff3ea3
Colombia,2013,78.69999695,2f7373
South Asia,2012,78.73203239,edef51
"Hong Kong SAR, China",1991,78.80000305,85a72d
Estonia,1992,78.80000305,f0a96d
Singapore,1993,78.80000305,20c0b7
Switzerland,1996,78.80000305,77dcd8
El Salvador,1999,78.80000305,259a6e
Peru,2000,78.80000305,36c572
Zimbabwe,2002,78.80000305,5922f5
Costa Rica,2004,78.80000305,1bf429
Nicaragua,2005,78.80000305,481264
Vietnam,2007,78.80000305,681101
Nicaragua,2008,78.80000305,481264
India,2012,78.80000305,967ce3
Latin America & Caribbean (all income levels),2003,78.89227033,56367d
"Hong Kong SAR, China",1990,78.90000153,85a72d
St. Lucia,1993,78.90000153,b17b65
Benin,2002,78.90000153,373616
Dominican Republic,2003,78.90000153,8a4bf1
El Salvador,2003,78.90000153,259a6e
Dominican Republic,2005,78.90000153,8a4bf1
Philippines,2008,78.90000153,806736
Malaysia,2009,78.90000153,ff3ea3
Philippines,2009,78.90000153,806736
Ghana,2010,78.90000153,317dba
Latin America & Caribbean (all income levels),2000,78.93274931,56367d
Latin America & Caribbean (developing only),2012,78.93331649,ec4d8f
St. Lucia,1991,79,b17b65
Switzerland,1995,79,77dcd8
Belize,1996,79,42ab0c
Nicaragua,2004,79,481264
Belize,2005,79,42ab0c
Costa Rica,2006,79,1bf429
Malaysia,2008,79,ff3ea3
"Venezuela, RB",2010,79,6cba5d
Colombia,2011,79,2f7373
Latin America & Caribbean (all income levels),2009,79.03967638,56367d
"Bahamas, The",1991,79.09999847,923c8a
El Salvador,2001,79.09999847,259a6e
Dominican Republic,2006,79.09999847,8a4bf1
Latin America & Caribbean (all income levels),2006,79.14957589,56367d
Singapore,1990,79.19999695,20c0b7
Switzerland,1994,79.19999695,77dcd8
Singapore,1994,79.19999695,20c0b7
Costa Rica,1996,79.19999695,1bf429
Fiji,1996,79.19999695,bbb7ef
Lesotho,1999,79.19999695,93b12b
Bermuda,2000,79.19999695,027ed3
San Marino,2003,79.19999695,87fd3b
Philippines,2006,79.19999695,806736
"Venezuela, RB",2009,79.19999695,6cba5d
Panama,2011,79.19999695,1e36b3
"Bahamas, The",2012,79.19999695,923c8a
Colombia,2012,79.19999695,2f7373
Mexico,2012,79.19999695,41937b
Latin America & Caribbean (developing only),2011,79.28579827,ec4d8f
"Bahamas, The",1990,79.30000305,923c8a
Netherlands,1993,79.30000305,fb61c8
Malawi,1998,79.30000305,0ce65b
Morocco,1999,79.30000305,32e087
Brunei Darussalam,2001,79.30000305,d1a713
Colombia,2002,79.30000305,2f7373
Costa Rica,2002,79.30000305,1bf429
Mexico,2010,79.30000305,41937b
Latin America & Caribbean (developing only),2007,79.33326984,ec4d8f
Singapore,1991,79.40000153,20c0b7
Singapore,1992,79.40000153,20c0b7
Vietnam,1996,79.40000153,681101
"Bahamas, The",1997,79.40000153,923c8a
El Salvador,1997,79.40000153,259a6e
Zimbabwe,1997,79.40000153,5922f5
Panama,1998,79.40000153,1e36b3
Peru,1999,79.40000153,36c572
Panama,2003,79.40000153,1e36b3
Panama,2006,79.40000153,1e36b3
Latin America & Caribbean (all income levels),2008,79.41668453,56367d
Latin America & Caribbean (all income levels),2005,79.45945267,56367d
"Venezuela, RB",1993,79.5,6cba5d
Panama,2002,79.5,1e36b3
Colombia,2003,79.5,2f7373
Dominican Republic,2007,79.5,8a4bf1
Malaysia,2007,79.5,ff3ea3
Latin America & Caribbean (all income levels),2002,79.56677976,56367d
Colombia,1990,79.59999847,2f7373
Turkey,1992,79.59999847,d7153e
Netherlands,1994,79.59999847,fb61c8
Peru,2001,79.59999847,36c572
Costa Rica,2003,79.59999847,1bf429
Costa Rica,2005,79.59999847,1bf429
Costa Rica,2007,79.59999847,1bf429
South Asia,2010,79.61823662,edef51
Latin America & Caribbean (all income levels),2001,79.63888861,56367d
Turkey,1990,79.69999695,d7153e
Netherlands,1992,79.69999695,fb61c8
Ecuador,1996,79.69999695,09f199
Belize,1997,79.69999695,42ab0c
Peru,1998,79.69999695,36c572
Belize,1999,79.69999695,42ab0c
Panama,1999,79.69999695,1e36b3
"Egypt, Arab Rep.",2005,79.69999695,ff11f8
India,2010,79.69999695,967ce3
Malaysia,2011,79.69999695,ff3ea3
Latin America & Caribbean (all income levels),2004,79.71792973,56367d
Nepal,1991,79.80000305,0e1d58
"Bahamas, The",1996,79.80000305,923c8a
El Salvador,1996,79.80000305,259a6e
Colombia,2001,79.80000305,2f7373
Costa Rica,2001,79.80000305,1bf429
Mexico,2005,79.80000305,41937b
Panama,2005,79.80000305,1e36b3
Philippines,2005,79.80000305,806736
Latin America & Caribbean (developing only),2000,79.865075,ec4d8f
"Iran, Islamic Rep.",1991,79.90000153,e3f25e
"Bahamas, The",1992,79.90000153,923c8a
Syrian Arab Republic,2000,79.90000153,48a9fd
Mauritius,2001,79.90000153,26160d
Paraguay,2002,79.90000153,71a452
Mexico,2003,79.90000153,41937b
Malaysia,2006,79.90000153,ff3ea3
Latin America & Caribbean (developing only),2006,79.94887796,ec4d8f
Netherlands,1990,80,fb61c8
Costa Rica,1992,80,1bf429
Saudi Arabia,1992,80,6f49c3
Costa Rica,2000,80,1bf429
Malaysia,2005,80,ff3ea3
"Venezuela, RB",2007,80,6cba5d
Cambodia,2008,80,314ccd
"Venezuela, RB",2008,80,6cba5d
Latin America & Caribbean (developing only),2009,80.08202348,ec4d8f
El Salvador,1990,80.09999847,259a6e
Panama,1994,80.09999847,1e36b3
Mauritius,1995,80.09999847,26160d
Dominican Republic,2000,80.09999847,8a4bf1
Dominican Republic,2004,80.09999847,8a4bf1
Tanzania,2009,80.09999847,7e380b
Panama,2012,80.09999847,1e36b3
Latin America & Caribbean (developing only),2003,80.16962752,ec4d8f
Latin America & Caribbean (all income levels),1990,80.17127403,56367d
Switzerland,1992,80.19999695,77dcd8
Nicaragua,2000,80.19999695,481264
Panama,2004,80.19999695,1e36b3
Mexico,2007,80.19999695,41937b
Mexico,2008,80.19999695,41937b
Brazil,2009,80.19999695,37497a
Ecuador,2009,80.19999695,09f199
Lower middle income,1991,80.2249406,5db509
Belize,1991,80.30000305,42ab0c
Netherlands,1991,80.30000305,fb61c8
Turkey,1991,80.30000305,d7153e
Switzerland,1993,80.30000305,77dcd8
El Salvador,1998,80.30000305,259a6e
Thailand,1999,80.30000305,a2b7c1
Philippines,2000,80.30000305,806736
Thailand,2011,80.30000305,a2b7c1
Latin America & Caribbean (developing only),2005,80.36033967,ec4d8f
India,1991,80.40000153,967ce3
Bolivia,1992,80.40000153,a001af
Morocco,1994,80.40000153,32e087
Mozambique,1997,80.40000153,a40a9b
Panama,1997,80.40000153,1e36b3
Dominican Republic,2001,80.40000153,8a4bf1
Bolivia,2005,80.40000153,a001af
Brazil,2007,80.40000153,37497a
Vanuatu,2009,80.40000153,d16ad2
Panama,2010,80.40000153,1e36b3
Latin America & Caribbean (developing only),2008,80.45516261,ec4d8f
Latin America & Caribbean (all income levels),1995,80.46897146,56367d
Latin America & Caribbean (developing only),2001,80.49357745,ec4d8f
Panama,1993,80.5,1e36b3
Costa Rica,1994,80.5,1bf429
Ecuador,1995,80.5,09f199
Uganda,2002,80.5,e92904
Brazil,2008,80.5,37497a
Malaysia,2012,80.5,ff3ea3
Thailand,2013,80.5,a2b7c1
Latin America & Caribbean (developing only),2004,80.52051312,ec4d8f
Latin America & Caribbean (developing only),2002,80.55441676,ec4d8f
Estonia,1991,80.59999847,f0a96d
Syrian Arab Republic,1993,80.59999847,48a9fd
Costa Rica,1997,80.59999847,1bf429
Thailand,2000,80.59999847,a2b7c1
Ecuador,2002,80.59999847,09f199
Mexico,2004,80.59999847,41937b
Pakistan,2005,80.59999847,82d220
Togo,2006,80.59999847,30949d
Guatemala,2010,80.59999847,11760e
"Venezuela, RB",1990,80.69999695,6cba5d
Costa Rica,1991,80.69999695,1bf429
Costa Rica,1993,80.69999695,1bf429
Ecuador,1994,80.69999695,09f199
Ecuador,1997,80.69999695,09f199
Syrian Arab Republic,1999,80.69999695,48a9fd
Mexico,2002,80.69999695,41937b
San Marino,2002,80.69999695,87fd3b
Brazil,2003,80.69999695,37497a
Ecuador,2003,80.69999695,09f199
Mexico,2006,80.69999695,41937b
"Venezuela, RB",2006,80.69999695,6cba5d
Thailand,2010,80.69999695,a2b7c1
Thailand,2012,80.69999695,a2b7c1
Upper middle income,2000,80.75205084,78cde9
St. Vincent and the Grenadines,1991,80.80000305,68d122
"Venezuela, RB",1992,80.80000305,6cba5d
Cambodia,2000,80.80000305,314ccd
Philippines,2002,80.80000305,806736
Latin America & Caribbean (developing only),1990,80.80017085,ec4d8f
Latin America & Caribbean (all income levels),1999,80.84429368,56367d
Switzerland,1991,80.90000153,77dcd8
Malta,1998,80.90000153,1a591a
Malaysia,2004,80.90000153,ff3ea3
Panama,2009,80.90000153,1e36b3
El Salvador,2010,80.90000153,259a6e
Chad,1993,81,6c6b1b
"Venezuela, RB",1994,81,6cba5d
Brazil,2001,81,37497a
Ecuador,2005,81,09f199
Brazil,2006,81,37497a
Panama,2008,81,1e36b3
Vietnam,2009,81,681101
Latin America & Caribbean (all income levels),1996,81.09714457,56367d
"Bahamas, The",1994,81.09999847,923c8a
Malta,1995,81.09999847,1a591a
"Macao SAR, China",1996,81.09999847,eec526
Mexico,2001,81.09999847,41937b
Brazil,2002,81.09999847,37497a
Thailand,2003,81.09999847,a2b7c1
"Venezuela, RB",2005,81.09999847,6cba5d
Low & middle income,2000,81.11928953,efaa62
Middle income,2000,81.13821327,bf919c
Guyana,1993,81.19999695,bc88a2
Indonesia,1998,81.19999695,35536a
Cambodia,1998,81.19999695,314ccd
Brazil,2004,81.19999695,37497a
El Salvador,2011,81.19999695,259a6e
Latin America & Caribbean (all income levels),1997,81.21108352,56367d
Panama,1995,81.30000305,1e36b3
Rwanda,2005,81.30000305,7266a1
Thailand,2006,81.30000305,a2b7c1
El Salvador,2008,81.30000305,259a6e
Thailand,2009,81.30000305,a2b7c1
Vietnam,2012,81.30000305,681101
Latin America & Caribbean (developing only),1995,81.3059121,ec4d8f
Latin America & Caribbean (all income levels),1998,81.34206127,56367d
Latin America & Caribbean (all income levels),1992,81.3720362,56367d
South Asia,1991,81.39081309,edef51
"Venezuela, RB",1991,81.40000153,6cba5d
Malta,1997,81.40000153,1a591a
Ghana,1999,81.40000153,317dba
Thailand,2001,81.40000153,a2b7c1
Brazil,2005,81.40000153,37497a
Honduras,2008,81.40000153,5aa588
El Salvador,2012,81.40000153,259a6e
Latin America & Caribbean (all income levels),1993,81.48740458,56367d
Cote d'Ivoire,1998,81.5,58f76a
Thailand,1998,81.5,a2b7c1
Costa Rica,1999,81.5,1bf429
Malaysia,2002,81.5,ff3ea3
Kuwait,2003,81.5,93295b
Thailand,2005,81.5,a2b7c1
Thailand,2008,81.5,a2b7c1
Lower middle income,2000,81.56469582,5db509
East Asia & Pacific (all income levels),2000,81.59225487,9ea72e
Philippines,1994,81.59999847,806736
Costa Rica,1998,81.59999847,1bf429
San Marino,2001,81.59999847,87fd3b
Syrian Arab Republic,2002,81.59999847,48a9fd
Ecuador,2008,81.59999847,09f199
Dominican Republic,2010,81.59999847,8a4bf1
Paraguay,2011,81.59999847,71a452
Vietnam,2011,81.59999847,681101
Estonia,1990,81.69999695,f0a96d
Cambodia,1993,81.69999695,314ccd
"Bahamas, The",2001,81.69999695,923c8a
"Bahamas, The",2002,81.69999695,923c8a
Thailand,2007,81.69999695,a2b7c1
Philippines,1990,81.80000305,806736
Philippines,1993,81.80000305,806736
Costa Rica,1995,81.80000305,1bf429
El Salvador,1995,81.80000305,259a6e
Philippines,1999,81.80000305,806736
Mexico,2000,81.80000305,41937b
Thailand,2004,81.80000305,a2b7c1
Latin America & Caribbean (developing only),1999,81.82684401,ec4d8f
Mauritius,1990,81.90000153,26160d
Malaysia,1990,81.90000153,ff3ea3
El Salvador,1993,81.90000153,259a6e
Mauritius,1994,81.90000153,26160d
Brazil,1999,81.90000153,37497a
Honduras,2011,81.90000153,5aa588
Paraguay,1991,82,71a452
Mauritius,1993,82,26160d
Indonesia,1994,82,35536a
Brazil,1996,82,37497a
Malta,1996,82,1a591a
Brazil,1998,82,37497a
"Venezuela, RB",2000,82,6cba5d
Ecuador,2006,82,09f199
Vietnam,2010,82,681101
Lower middle income,2005,82.02848092,5db509
Vietnam,2013,82.05999756,681101
Brunei Darussalam,1991,82.09999847,d1a713
Cyprus,1991,82.09999847,852add
Mauritius,1992,82.09999847,26160d
Philippines,1995,82.09999847,806736
"Venezuela, RB",1995,82.09999847,6cba5d
Cambodia,1996,82.09999847,314ccd
Ecuador,1998,82.09999847,09f199
Malaysia,2003,82.09999847,ff3ea3
Honduras,2005,82.09999847,5aa588
Bolivia,2009,82.09999847,a001af
Mauritius,1991,82.19999695,26160d
El Salvador,1994,82.19999695,259a6e
Thailand,1997,82.19999695,a2b7c1
Bolivia,2000,82.19999695,a001af
Latin America & Caribbean (developing only),1996,82.24586496,ec4d8f
Latin America & Caribbean (developing only),1997,82.26169695,ec4d8f
Cyprus,1990,82.30000305,852add
"Bahamas, The",1993,82.30000305,923c8a
Pakistan,1993,82.30000305,82d220
Pakistan,1995,82.30000305,82d220
Bolivia,1997,82.30000305,a001af
India,2000,82.30000305,967ce3
Malaysia,2001,82.30000305,ff3ea3
Philippines,2001,82.30000305,806736
Bolivia,2008,82.30000305,a001af
Honduras,2010,82.30000305,5aa588
Guatemala,2013,82.33999634,11760e
East Asia & Pacific (developing only),2000,82.38918309,79a621
"Venezuela, RB",1996,82.40000153,6cba5d
Brazil,1997,82.40000153,37497a
Philippines,1997,82.40000153,806736
Ecuador,1999,82.40000153,09f199
Ecuador,2000,82.40000153,09f199
Peru,2005,82.40000153,36c572
Latin America & Caribbean (developing only),1998,82.42338988,ec4d8f
Tanzania,2013,82.45999908,7e380b
Costa Rica,1990,82.5,1bf429
Bermuda,1991,82.5,027ed3
Philippines,1991,82.5,806736
El Salvador,1992,82.5,259a6e
Thailand,1996,82.5,a2b7c1
Pakistan,1998,82.5,82d220
Pakistan,1999,82.5,82d220
Northern Mariana Islands,2003,82.5,28a117
Bahrain,2004,82.5,3ae11c
"Venezuela, RB",2004,82.5,6cba5d
Indonesia,1992,82.59999847,35536a
Philippines,1992,82.59999847,806736
Pakistan,1994,82.59999847,82d220
Lao PDR,1995,82.59999847,ed2615
Dominican Republic,1996,82.59999847,8a4bf1
Honduras,2006,82.59999847,5aa588
Indonesia,1990,82.69999695,35536a
Philippines,1996,82.69999695,806736
"Venezuela, RB",1997,82.69999695,6cba5d
"Venezuela, RB",2001,82.69999695,6cba5d
Pakistan,2002,82.69999695,82d220
Pakistan,2004,82.69999695,82d220
South Asia,2000,82.74426484,edef51
Lower middle income,1994,82.79375026,5db509
Mexico,1995,82.80000305,41937b
Mexico,1996,82.80000305,41937b
Mexico,1999,82.80000305,41937b
Malaysia,1999,82.80000305,ff3ea3
Indonesia,2000,82.80000305,35536a
Honduras,2004,82.80000305,5aa588
Ecuador,1991,82.90000153,09f199
Philippines,1998,82.90000153,806736
China,2000,82.90000153,d2eaf2
Philippines,2004,82.90000153,806736
India,2005,82.90000153,967ce3
South Asia,2005,82.94096918,edef51
Paraguay,1990,83,71a452
Dominican Republic,1995,83,8a4bf1
Peru,2004,83,36c572
Bolivia,2006,83,a001af
Honduras,2007,83,5aa588
Dominican Republic,1993,83.09999847,8a4bf1
Pakistan,1997,83.09999847,82d220
"Bahamas, The",1999,83.09999847,923c8a
Pakistan,2007,83.09999847,82d220
Iceland,2012,83.09999847,b3c92e
"Venezuela, RB",1998,83.19999695,6cba5d
Pakistan,2000,83.19999695,82d220
Ecuador,2007,83.19999695,09f199
Malaysia,1998,83.30000305,ff3ea3
Malaysia,2000,83.30000305,ff3ea3
Syrian Arab Republic,2001,83.30000305,48a9fd
Bolivia,2003,83.30000305,a001af
Philippines,2003,83.30000305,806736
Bolivia,2004,83.30000305,a001af
Paraguay,2010,83.30000305,71a452
Indonesia,2013,83.37000275,35536a
Indonesia,1997,83.40000153,35536a
Mexico,1997,83.40000153,41937b
Mexico,1998,83.40000153,41937b
Pakistan,1991,83.5,82d220
Pakistan,1992,83.5,82d220
Dominican Republic,1997,83.5,8a4bf1
"Venezuela, RB",1999,83.5,6cba5d
Bolivia,2002,83.5,a001af
Peru,2006,83.5,36c572
Indonesia,2008,83.5,35536a
Kiribati,1990,83.59999847,3f57ad
Kuwait,1995,83.59999847,93295b
"Venezuela, RB",2002,83.59999847,6cba5d
Indonesia,2009,83.59999847,35536a
Iceland,2011,83.69999695,b3c92e
South Asia,1994,83.72654866,edef51
Iceland,1994,83.80000305,b3c92e
Thailand,1994,83.80000305,a2b7c1
Syrian Arab Republic,1998,83.80000305,48a9fd
Honduras,2009,83.80000305,5aa588
Peru,2012,83.80000305,36c572
Latin America & Caribbean (developing only),1992,83.8313747,ec4d8f
Ethiopia,1992,83.90000153,3d91f7
Guatemala,2011,83.90000153,11760e
Iceland,1993,84,b3c92e
Guatemala,1994,84,11760e
India,1994,84,967ce3
Brazil,1995,84,37497a
Iceland,1997,84,b3c92e
Tanzania,2002,84,7e380b
Mozambique,2003,84,a40a9b
Pakistan,2006,84,82d220
Tanzania,2011,84,7e380b
Mexico,1991,84.09999847,41937b
Rwanda,2000,84.09999847,7266a1
Peru,2010,84.09999847,36c572
Latin America & Caribbean (developing only),1993,84.16799176,ec4d8f
Ethiopia,1991,84.19999695,3d91f7
Burkina Faso,1994,84.19999695,e71b56
Peru,2011,84.19999695,36c572
Iceland,2013,84.19999695,b3c92e
Mexico,1994,84.30000305,41937b
Malaysia,1995,84.30000305,ff3ea3
Iceland,1996,84.30000305,b3c92e
Malaysia,1997,84.30000305,ff3ea3
Paraguay,2006,84.30000305,71a452
Paraguay,2003,84.40000153,71a452
Kuwait,2005,84.40000153,93295b
Peru,2009,84.40000153,36c572
Iceland,2010,84.40000153,b3c92e
Mexico,1992,84.5,41937b
Nicaragua,1995,84.5,481264
Peru,2008,84.5,36c572
Brazil,1990,84.59999847,37497a
Burundi,1998,84.59999847,461758
Indonesia,1999,84.59999847,35536a
Rwanda,2001,84.59999847,7266a1
Peru,2007,84.59999847,36c572
Paraguay,2007,84.59999847,71a452
Bolivia,1990,84.69999695,a001af
Ethiopia,1995,84.69999695,3d91f7
Iceland,2009,84.69999695,b3c92e
Indonesia,1996,84.80000305,35536a
Honduras,2001,84.80000305,5aa588
Cayman Islands,2007,84.80000305,e9e21c
Cabo Verde,1990,84.90000153,07dee4
Pakistan,1990,84.90000153,82d220
Malaysia,1992,84.90000153,ff3ea3
Brazil,1993,84.90000153,37497a
Malaysia,1996,84.90000153,ff3ea3
Mali,2006,84.90000153,daa6a4
Honduras,1992,85,5aa588
Mexico,1993,85,41937b
Iceland,1998,85,b3c92e
Honduras,2002,85,5aa588
Iceland,2004,85,b3c92e
Bahrain,2006,85,3ae11c
Paraguay,2009,85,71a452
Paraguay,1993,85.09999847,71a452
Cambodia,2001,85.09999847,314ccd
Iceland,1991,85.30000305,b3c92e
Nicaragua,1996,85.30000305,481264
Paraguay,2000,85.30000305,71a452
Paraguay,2001,85.30000305,71a452
Indonesia,2003,85.30000305,35536a
Paraguay,2008,85.30000305,71a452
Brazil,1992,85.40000153,37497a
Paraguay,2005,85.40000153,71a452
Honduras,1991,85.5,5aa588
Paraguay,1999,85.5,71a452
Iceland,2002,85.5,b3c92e
Iceland,1995,85.59999847,b3c92e
Indonesia,2002,85.59999847,35536a
Indonesia,2005,85.59999847,35536a
Iceland,1992,85.69999695,b3c92e
Paraguay,1992,85.69999695,71a452
Bahrain,2003,85.69999695,3ae11c
Ecuador,2001,85.80000305,09f199
Indonesia,2001,85.80000305,35536a
Paraguay,1994,85.90000153,71a452
Iceland,1999,85.90000153,b3c92e
Iceland,2003,85.90000153,b3c92e
Cambodia,2004,85.90000153,314ccd
Malaysia,1993,86,ff3ea3
Kiribati,2000,86,3f57ad
Bahrain,2001,86,3ae11c
Guatemala,2004,86,11760e
Indonesia,2004,86,35536a
Iceland,2005,86,b3c92e
Bahrain,2002,86.09999847,3ae11c
Iceland,2000,86.19999695,b3c92e
Madagascar,2003,86.19999695,f92bcb
Cameroon,2007,86.19999695,73a7dd
Burkina Faso,2006,86.30000305,e71b56
Nicaragua,1990,86.40000153,481264
Honduras,1995,86.40000153,5aa588
Paraguay,1996,86.40000153,71a452
Dominican Republic,1998,86.5,8a4bf1
Iceland,2001,86.5,b3c92e
Paraguay,2004,86.5,71a452
Indonesia,2006,86.5,35536a
Nicaragua,2010,86.5,481264
Bahrain,2000,86.59999847,3ae11c
Kuwait,2011,86.59999847,93295b
Nicaragua,1998,86.80000305,481264
Paraguay,1998,86.80000305,71a452
Bangladesh,2005,86.80000305,fa6c37
Bahrain,1999,86.90000153,3ae11c
Cayman Islands,2006,86.90000153,e9e21c
Rwanda,1996,87.09999847,7266a1
Honduras,2000,87.09999847,5aa588
Iceland,2008,87.09999847,b3c92e
Bahrain,1998,87.19999695,3ae11c
Bangladesh,2000,87.19999695,fa6c37
Kuwait,2010,87.19999695,93295b
Niger,2001,87.30000305,6687e1
Bahrain,2010,87.30000305,3ae11c
Northern Mariana Islands,1990,87.40000153,28a117
Bangladesh,2003,87.40000153,fa6c37
Cayman Islands,2008,87.40000153,e9e21c
Kuwait,2009,87.40000153,93295b
Nicaragua,1991,87.5,481264
Bahrain,1997,87.5,3ae11c
Honduras,1998,87.5,5aa588
Nicaragua,1999,87.5,481264
Iceland,2007,87.5,b3c92e
Honduras,1997,87.59999847,5aa588
Guinea,2003,87.59999847,b47b54
Guatemala,2012,87.59999847,11760e
Thailand,1990,87.69999695,a2b7c1
Cayman Islands,1991,87.69999695,e9e21c
Bahrain,1996,87.69999695,3ae11c
Iceland,2006,87.69999695,b3c92e
Cuba,2010,87.69999695,c484b1
Honduras,1996,87.80000305,5aa588
Cuba,2008,87.80000305,c484b1
Guatemala,2000,87.90000153,11760e
Bahrain,1995,88,3ae11c
Northern Mariana Islands,1995,88,28a117
Honduras,1999,88,5aa588
Zimbabwe,2011,88.08999634,5922f5
Bahrain,1991,88.19999695,3ae11c
Kuwait,2008,88.19999695,93295b
Bangladesh,1991,88.30000305,fa6c37
Bahrain,1994,88.30000305,3ae11c
Guatemala,2006,88.30000305,11760e
Kuwait,2007,88.30000305,93295b
Cuba,2009,88.40000153,c484b1
Tanzania,1991,88.59999847,7e380b
Bahrain,1993,88.59999847,3ae11c
Bangladesh,1996,88.80000305,fa6c37
Cambodia,2009,88.80000305,314ccd
Burkina Faso,1991,88.90000153,e71b56
Bahrain,1992,88.90000153,3ae11c
United Arab Emirates,2009,88.90000153,d115b8
Cayman Islands,1999,89.09999847,e9e21c
Malawi,2004,89.09999847,0ce65b
Cambodia,2012,89.09999847,314ccd
Bahrain,1990,89.19999695,3ae11c
Qatar,1997,89.19999695,83ef3e
Guatemala,2003,89.19999695,11760e
Mozambique,2012,89.25,a40a9b
Kuwait,2006,89.30000305,93295b
Benin,1992,89.40000153,373616
Guatemala,2002,89.40000153,11760e
Madagascar,2005,89.40000153,f92bcb
United Arab Emirates,2008,89.40000153,d115b8
Ethiopia,1994,89.59999847,3d91f7
Ethiopia,1999,89.69999695,3d91f7
Tanzania,2001,89.80000305,7e380b
Niger,2005,89.80000305,6687e1
Cambodia,2010,90,314ccd
Cuba,2011,90,c484b1
Burundi,1990,90.09999847,461758
Nepal,1999,90.09999847,0e1d58
Cambodia,2011,90.40000153,314ccd
Tanzania,2006,90.5,7e380b
Zimbabwe,2004,90.59999847,5922f5
Ethiopia,2005,90.69999695,3d91f7
Kiribati,1995,91,3f57ad
Paraguay,1995,91.09999847,71a452
Qatar,2004,91.69999695,83ef3e
Nepal,2003,91.80000305,0e1d58
United Arab Emirates,1995,92.19999695,d115b8
United Arab Emirates,2005,92.69999695,d115b8
Cambodia,1992,93.30000305,314ccd
Lao PDR,2003,94.30000305,ed2615
Qatar,2007,94.90000153,83ef3e
Qatar,2011,95.69999695,83ef3e
Qatar,2012,95.69999695,83ef3e
Qatar,2008,95.80000305,83ef3e
Qatar,2009,96,83ef3e
Qatar,2013,96.16999817,83ef3e
Antigua and Barbuda,2002,98.90000153,530670